item;potion;hi-potion;x-potion;mega-potion;ether;turbo_ether;phoenix_down;mega_phoenix;elixir;megalixir;antidote;soft;eye_drops;echo_screen;holy_water;remedy;power_distiller;mana_distiller;speed_distiller;ability_distiller;al_bhed_potion;healing_water;tetra_elemental;antarctic_wind;arctic_wind;ice_gem;bomb_fragment;bomb_core;fire_gem;electro_marble;lightning_marble;lightning_gem;fish_scale;dragon_scale;water_gem;grenade;frag_grenade;sleeping_powder;dream_powder;silence_grenade;smoke_bomb;shadow_gem;shining_gem;blessed_gem;supreme_gem;poison_fang;silver_hourglass;gold_hourglass;candle_of_life;petrify_grenade;farplane_shadow;farplane_wind;designer_wallet;dark_matter;chocobo_wing;chocobo_feather;lunar_curtain;light_curtain;star_curtain;healing_spring;mana_spring;stamina_spring;soul_spring;purifying_salt;stamina_tablet;mana_tablet;twin_stars;stamina_tonic;mana_tonic;three_stars;power_sphere;mana_sphere;speed_sphere;ability_sphere;fortune_sphere;attribute_sphere;special_sphere;skill_sphere;wht_magic_sphere;blk_magic_sphere;master_sphere;lv.1_key_sphere;lv.2_key_sphere;lv.3_key_sphere;lv.4_key_sphere;hp_sphere;mp_sphere;strength_sphere;defence_sphere;magic_sphere;magic_def_sphere;agility_sphere;evasion_sphere;accuracy_sphere;luck_sphere;clear_sphere;return_sphere;friend_sphere;teleport_sphere;warp_sphere;map;rename_card;musk;hypello_potion;shining_thorn;pendulum;amulet;door_to_tomorrow;wings_to_discovery;gambler's_spirit;underdog's_secret;winning_formula;;;;;;;;;;;;;;;;;;;;;;;;;;;;;;;;;;;;;;;;;;;;;;;;;;;;;;;;;;;;;;;;;;;;
potion;ultra_potion;;;;;;;;;;;;;;;;;;;;;;;;;;;;;;;;;;;;;;;;;;;;;;;;;;;;;;;;;;;;;;;;;;;;;;;;;;;;;;;;;;;;;;;;;;;;;;;;;;;;;;;;;;;;;;;;;;;;;;;;;;;;;;;;;;;;;;;;;;;;;;;;;;;;;;;;;;;;;;;;;;;;;;;;;;;;;;;;;;;
hi-potion;ultra_potion;vitality;;;;;;;;;;;;;;;;;;;;;;;;;;;;;;;;;;;;;;;;;;;;;;;;;;;;;;;;;;;;;;;;;;;;;;;;;;;;;;;;;;;;;;;;;;;;;;;;;;;;;;;;;;;;;;;;;;;;;;;;;;;;;;;;;;;;;;;;;;;;;;;;;;;;;;;;;;;;;;;;;;;;;;;;;;;;;;;;;;
x-potion;ultra_potion;vitality;vitality;;;;;;;;;;;;;;;;;;;;;;;;;;;;;;;;;;;;;;;;;;;;;;;;;;;;;;;;;;;;;;;;;;;;;;;;;;;;;;;;;;;;;;;;;;;;;;;;;;;;;;;;;;;;;;;;;;;;;;;;;;;;;;;;;;;;;;;;;;;;;;;;;;;;;;;;;;;;;;;;;;;;;;;;;;;;;;;;;
mega-potion;ultra_potion;ultra_potion;megalixir;megalixir;;;;;;;;;;;;;;;;;;;;;;;;;;;;;;;;;;;;;;;;;;;;;;;;;;;;;;;;;;;;;;;;;;;;;;;;;;;;;;;;;;;;;;;;;;;;;;;;;;;;;;;;;;;;;;;;;;;;;;;;;;;;;;;;;;;;;;;;;;;;;;;;;;;;;;;;;;;;;;;;;;;;;;;;;;;;;;;;
ether;mana;mana;mana;mana;mega_mana;;;;;;;;;;;;;;;;;;;;;;;;;;;;;;;;;;;;;;;;;;;;;;;;;;;;;;;;;;;;;;;;;;;;;;;;;;;;;;;;;;;;;;;;;;;;;;;;;;;;;;;;;;;;;;;;;;;;;;;;;;;;;;;;;;;;;;;;;;;;;;;;;;;;;;;;;;;;;;;;;;;;;;;;;;;;;;;
turbo_ether;mega_mana;mega_mana;mega_mana;mega_mana;mega_mana;mega_mana;;;;;;;;;;;;;;;;;;;;;;;;;;;;;;;;;;;;;;;;;;;;;;;;;;;;;;;;;;;;;;;;;;;;;;;;;;;;;;;;;;;;;;;;;;;;;;;;;;;;;;;;;;;;;;;;;;;;;;;;;;;;;;;;;;;;;;;;;;;;;;;;;;;;;;;;;;;;;;;;;;;;;;;;;;;;;;
phoenix_down;mega_phoenix;mega_phoenix;mega_phoenix;mega_phoenix;mana;mega_mana;mega_phoenix;;;;;;;;;;;;;;;;;;;;;;;;;;;;;;;;;;;;;;;;;;;;;;;;;;;;;;;;;;;;;;;;;;;;;;;;;;;;;;;;;;;;;;;;;;;;;;;;;;;;;;;;;;;;;;;;;;;;;;;;;;;;;;;;;;;;;;;;;;;;;;;;;;;;;;;;;;;;;;;;;;;;;;;;;;;;;
mega_phoenix;final_phoenix;final_phoenix;final_phoenix;final_phoenix;freedom;freedom_x;megalixir;final_phoenix;;;;;;;;;;;;;;;;;;;;;;;;;;;;;;;;;;;;;;;;;;;;;;;;;;;;;;;;;;;;;;;;;;;;;;;;;;;;;;;;;;;;;;;;;;;;;;;;;;;;;;;;;;;;;;;;;;;;;;;;;;;;;;;;;;;;;;;;;;;;;;;;;;;;;;;;;;;;;;;;;;;;;;;;;;;;
elixir;megalixir;megalixir;megalixir;megalixir;mega_mana;mega_mana;megalixir;final_phoenix;megalixir;;;;;;;;;;;;;;;;;;;;;;;;;;;;;;;;;;;;;;;;;;;;;;;;;;;;;;;;;;;;;;;;;;;;;;;;;;;;;;;;;;;;;;;;;;;;;;;;;;;;;;;;;;;;;;;;;;;;;;;;;;;;;;;;;;;;;;;;;;;;;;;;;;;;;;;;;;;;;;;;;;;;;;;;;;;
megalixir;super_elixir;super_elixir;super_elixir;super_elixir;super_elixir;super_elixir;super_elixir;super_elixir;super_elixir;hot_spurs;;;;;;;;;;;;;;;;;;;;;;;;;;;;;;;;;;;;;;;;;;;;;;;;;;;;;;;;;;;;;;;;;;;;;;;;;;;;;;;;;;;;;;;;;;;;;;;;;;;;;;;;;;;;;;;;;;;;;;;;;;;;;;;;;;;;;;;;;;;;;;;;;;;;;;;;;;;;;;;;;;;;;;;;;;
antidote;panacea;panacea;panacea;panacea;mana;mega_mana;panacea;final_phoenix;megalixir;super_elixir;panacea;;;;;;;;;;;;;;;;;;;;;;;;;;;;;;;;;;;;;;;;;;;;;;;;;;;;;;;;;;;;;;;;;;;;;;;;;;;;;;;;;;;;;;;;;;;;;;;;;;;;;;;;;;;;;;;;;;;;;;;;;;;;;;;;;;;;;;;;;;;;;;;;;;;;;;;;;;;;;;;;;;;;;;;;;
soft;panacea;panacea;panacea;panacea;mana;mega_mana;panacea;final_phoenix;megalixir;super_elixir;panacea;panacea;;;;;;;;;;;;;;;;;;;;;;;;;;;;;;;;;;;;;;;;;;;;;;;;;;;;;;;;;;;;;;;;;;;;;;;;;;;;;;;;;;;;;;;;;;;;;;;;;;;;;;;;;;;;;;;;;;;;;;;;;;;;;;;;;;;;;;;;;;;;;;;;;;;;;;;;;;;;;;;;;;;;;;;;
eye_drops;panacea;panacea;panacea;panacea;mana;mega_mana;panacea;final_phoenix;megalixir;super_elixir;panacea;panacea;panacea;;;;;;;;;;;;;;;;;;;;;;;;;;;;;;;;;;;;;;;;;;;;;;;;;;;;;;;;;;;;;;;;;;;;;;;;;;;;;;;;;;;;;;;;;;;;;;;;;;;;;;;;;;;;;;;;;;;;;;;;;;;;;;;;;;;;;;;;;;;;;;;;;;;;;;;;;;;;;;;;;;;;;;;
echo_screen;panacea;panacea;panacea;panacea;mana;mega_mana;panacea;final_phoenix;megalixir;super_elixir;panacea;panacea;panacea;panacea;;;;;;;;;;;;;;;;;;;;;;;;;;;;;;;;;;;;;;;;;;;;;;;;;;;;;;;;;;;;;;;;;;;;;;;;;;;;;;;;;;;;;;;;;;;;;;;;;;;;;;;;;;;;;;;;;;;;;;;;;;;;;;;;;;;;;;;;;;;;;;;;;;;;;;;;;;;;;;;;;;;;;;
holy_water;panacea;panacea;panacea;panacea;mana;mega_mana;panacea;final_phoenix;megalixir;super_elixir;panacea;panacea;panacea;panacea;panacea;;;;;;;;;;;;;;;;;;;;;;;;;;;;;;;;;;;;;;;;;;;;;;;;;;;;;;;;;;;;;;;;;;;;;;;;;;;;;;;;;;;;;;;;;;;;;;;;;;;;;;;;;;;;;;;;;;;;;;;;;;;;;;;;;;;;;;;;;;;;;;;;;;;;;;;;;;;;;;;;;;;;;
remedy;panacea;panacea;panacea;panacea;freedom;freedom_x;panacea;final_phoenix;super_elixir;super_elixir;panacea;panacea;panacea;panacea;panacea;panacea;;;;;;;;;;;;;;;;;;;;;;;;;;;;;;;;;;;;;;;;;;;;;;;;;;;;;;;;;;;;;;;;;;;;;;;;;;;;;;;;;;;;;;;;;;;;;;;;;;;;;;;;;;;;;;;;;;;;;;;;;;;;;;;;;;;;;;;;;;;;;;;;;;;;;;;;;;;;;;;;;;;;
power_distiller;ultra_potion;ultra_potion;ultra_potion;ultra_potion;mana;mega_mana;mega_phoenix;final_phoenix;megalixir;super_elixir;panacea;panacea;panacea;panacea;panacea;panacea;mighty_g;;;;;;;;;;;;;;;;;;;;;;;;;;;;;;;;;;;;;;;;;;;;;;;;;;;;;;;;;;;;;;;;;;;;;;;;;;;;;;;;;;;;;;;;;;;;;;;;;;;;;;;;;;;;;;;;;;;;;;;;;;;;;;;;;;;;;;;;;;;;;;;;;;;;;;;;;;;;;;;;;;;
mana_distiller;ultra_potion;ultra_potion;ultra_potion;ultra_potion;mana;mega_mana;mega_phoenix;final_phoenix;megalixir;super_elixir;panacea;panacea;panacea;panacea;panacea;panacea;mighty_g;mighty_g;;;;;;;;;;;;;;;;;;;;;;;;;;;;;;;;;;;;;;;;;;;;;;;;;;;;;;;;;;;;;;;;;;;;;;;;;;;;;;;;;;;;;;;;;;;;;;;;;;;;;;;;;;;;;;;;;;;;;;;;;;;;;;;;;;;;;;;;;;;;;;;;;;;;;;;;;;;;;;;;;;
speed_distiller;ultra_potion;ultra_potion;ultra_potion;ultra_potion;mana;mega_mana;mega_phoenix;final_phoenix;megalixir;super_elixir;panacea;panacea;panacea;panacea;panacea;panacea;mighty_g;mighty_g;mighty_g;;;;;;;;;;;;;;;;;;;;;;;;;;;;;;;;;;;;;;;;;;;;;;;;;;;;;;;;;;;;;;;;;;;;;;;;;;;;;;;;;;;;;;;;;;;;;;;;;;;;;;;;;;;;;;;;;;;;;;;;;;;;;;;;;;;;;;;;;;;;;;;;;;;;;;;;;;;;;;;;;
ability_distiller;ultra_potion;ultra_potion;ultra_potion;ultra_potion;mana;mega_mana;mega_phoenix;final_phoenix;megalixir;super_elixir;panacea;panacea;panacea;panacea;panacea;panacea;mighty_g;mighty_g;mighty_g;mighty_g;;;;;;;;;;;;;;;;;;;;;;;;;;;;;;;;;;;;;;;;;;;;;;;;;;;;;;;;;;;;;;;;;;;;;;;;;;;;;;;;;;;;;;;;;;;;;;;;;;;;;;;;;;;;;;;;;;;;;;;;;;;;;;;;;;;;;;;;;;;;;;;;;;;;;;;;;;;;;;;;
al_bhed_potion;ultra_potion;ultra_potion;ultra_potion;ultra_potion;mana;mega_mana;mega_phoenix;final_phoenix;megalixir;super_elixir;panacea;panacea;panacea;panacea;panacea;panacea;ultra_potion;ultra_potion;ultra_potion;ultra_potion;ultra_potion;;;;;;;;;;;;;;;;;;;;;;;;;;;;;;;;;;;;;;;;;;;;;;;;;;;;;;;;;;;;;;;;;;;;;;;;;;;;;;;;;;;;;;;;;;;;;;;;;;;;;;;;;;;;;;;;;;;;;;;;;;;;;;;;;;;;;;;;;;;;;;;;;;;;;;;;;;;;;;;
healing_water;panacea;megalixir;megalixir;megalixir;mega_mana;mega_mana;mega_phoenix;final_phoenix;megalixir;final_elixir;megalixir;megalixir;megalixir;megalixir;megalixir;super_elixir;megalixir;megalixir;megalixir;megalixir;megalixir;super_elixir;;;;;;;;;;;;;;;;;;;;;;;;;;;;;;;;;;;;;;;;;;;;;;;;;;;;;;;;;;;;;;;;;;;;;;;;;;;;;;;;;;;;;;;;;;;;;;;;;;;;;;;;;;;;;;;;;;;;;;;;;;;;;;;;;;;;;;;;;;;;;;;;;;;;;;;;;;;;;;
tetra_elemental;panacea;megalixir;megalixir;megalixir;mega_mana;mega_mana;mega_phoenix;final_phoenix;super_elixir;final_elixir;megalixir;megalixir;megalixir;megalixir;megalixir;super_elixir;megalixir;megalixir;megalixir;megalixir;megalixir;super_elixir;super_elixir;;;;;;;;;;;;;;;;;;;;;;;;;;;;;;;;;;;;;;;;;;;;;;;;;;;;;;;;;;;;;;;;;;;;;;;;;;;;;;;;;;;;;;;;;;;;;;;;;;;;;;;;;;;;;;;;;;;;;;;;;;;;;;;;;;;;;;;;;;;;;;;;;;;;;;;;;;;;;
antarctic_wind;nulall;mega_nulall;mega_nulall;mega_nulall;mega_mana;mega_mana;nulall;mega_nulall;super_elixir;final_elixir;snow_flurry;snow_flurry;snow_flurry;snow_flurry;snow_flurry;snow_flurry;snow_flurry;snow_flurry;snow_flurry;snow_flurry;snow_flurry;icefall;icefall;icefall;;;;;;;;;;;;;;;;;;;;;;;;;;;;;;;;;;;;;;;;;;;;;;;;;;;;;;;;;;;;;;;;;;;;;;;;;;;;;;;;;;;;;;;;;;;;;;;;;;;;;;;;;;;;;;;;;;;;;;;;;;;;;;;;;;;;;;;;;;;;;;;;;;;;;;;;;;;;
arctic_wind;nulall;mega_nulall;mega_nulall;mega_nulall;mega_mana;mega_mana;nulall;mega_nulall;super_elixir;final_elixir;snow_flurry;snow_flurry;snow_flurry;snow_flurry;snow_flurry;snow_flurry;snow_flurry;snow_flurry;snow_flurry;snow_flurry;icefall;icefall;icefall;icefall;icefall;;;;;;;;;;;;;;;;;;;;;;;;;;;;;;;;;;;;;;;;;;;;;;;;;;;;;;;;;;;;;;;;;;;;;;;;;;;;;;;;;;;;;;;;;;;;;;;;;;;;;;;;;;;;;;;;;;;;;;;;;;;;;;;;;;;;;;;;;;;;;;;;;;;;;;;;;;;
ice_gem;nulall;mega_nulall;mega_nulall;mega_nulall;mega_mana;mega_mana;nulall;mega_nulall;super_elixir;final_elixir;icefall;icefall;icefall;icefall;icefall;icefall;icefall;icefall;icefall;icefall;icefall;icefall;icefall;icefall;icefall;icefall;;;;;;;;;;;;;;;;;;;;;;;;;;;;;;;;;;;;;;;;;;;;;;;;;;;;;;;;;;;;;;;;;;;;;;;;;;;;;;;;;;;;;;;;;;;;;;;;;;;;;;;;;;;;;;;;;;;;;;;;;;;;;;;;;;;;;;;;;;;;;;;;;;;;;;;;;;
bomb_fragment;nulall;mega_nulall;mega_nulall;mega_nulall;mega_mana;mega_mana;nulall;mega_nulall;super_elixir;final_elixir;heat_blaster;heat_blaster;heat_blaster;heat_blaster;heat_blaster;heat_blaster;heat_blaster;heat_blaster;heat_blaster;heat_blaster;heat_blaster;firestorm;firestorm;grenade;snow_flurry;snow_flurry;icefall;;;;;;;;;;;;;;;;;;;;;;;;;;;;;;;;;;;;;;;;;;;;;;;;;;;;;;;;;;;;;;;;;;;;;;;;;;;;;;;;;;;;;;;;;;;;;;;;;;;;;;;;;;;;;;;;;;;;;;;;;;;;;;;;;;;;;;;;;;;;;;;;;;;;;;;;;
bomb_core;nulall;mega_nulall;mega_nulall;mega_nulall;mega_mana;mega_mana;nulall;mega_nulall;super_elixir;final_elixir;heat_blaster;heat_blaster;heat_blaster;heat_blaster;heat_blaster;heat_blaster;heat_blaster;heat_blaster;heat_blaster;heat_blaster;firestorm;firestorm;firestorm;heat_blaster;grenade;snow_flurry;firestorm;firestorm;;;;;;;;;;;;;;;;;;;;;;;;;;;;;;;;;;;;;;;;;;;;;;;;;;;;;;;;;;;;;;;;;;;;;;;;;;;;;;;;;;;;;;;;;;;;;;;;;;;;;;;;;;;;;;;;;;;;;;;;;;;;;;;;;;;;;;;;;;;;;;;;;;;;;;;;
fire_gem;nulall;mega_nulall;mega_nulall;mega_nulall;mega_mana;mega_mana;nulall;mega_nulall;super_elixir;final_elixir;firestorm;firestorm;firestorm;firestorm;firestorm;firestorm;firestorm;firestorm;firestorm;firestorm;firestorm;firestorm;firestorm;heat_blaster;heat_blaster;grenade;firestorm;firestorm;firestorm;;;;;;;;;;;;;;;;;;;;;;;;;;;;;;;;;;;;;;;;;;;;;;;;;;;;;;;;;;;;;;;;;;;;;;;;;;;;;;;;;;;;;;;;;;;;;;;;;;;;;;;;;;;;;;;;;;;;;;;;;;;;;;;;;;;;;;;;;;;;;;;;;;;;;;;
electro_marble;nulall;mega_nulall;mega_nulall;mega_nulall;mega_mana;mega_mana;nulall;mega_nulall;super_elixir;final_elixir;thunderbolt;thunderbolt;thunderbolt;thunderbolt;thunderbolt;thunderbolt;thunderbolt;thunderbolt;thunderbolt;thunderbolt;thunderbolt;rolling_thunder;rolling_thunder;pineapple;pineapple;pineapple;pineapple;pineapple;pineapple;rolling_thunder;;;;;;;;;;;;;;;;;;;;;;;;;;;;;;;;;;;;;;;;;;;;;;;;;;;;;;;;;;;;;;;;;;;;;;;;;;;;;;;;;;;;;;;;;;;;;;;;;;;;;;;;;;;;;;;;;;;;;;;;;;;;;;;;;;;;;;;;;;;;;;;;;;;;;;
lightning_marble;nulall;mega_nulall;mega_nulall;mega_nulall;mega_mana;mega_mana;nulall;mega_nulall;super_elixir;final_elixir;thunderbolt;thunderbolt;thunderbolt;thunderbolt;thunderbolt;thunderbolt;thunderbolt;thunderbolt;thunderbolt;thunderbolt;rolling_thunder;rolling_thunder;rolling_thunder;pineapple;pineapple;calamity_bomb;pineapple;pineapple;potato_masher;rolling_thunder;rolling_thunder;;;;;;;;;;;;;;;;;;;;;;;;;;;;;;;;;;;;;;;;;;;;;;;;;;;;;;;;;;;;;;;;;;;;;;;;;;;;;;;;;;;;;;;;;;;;;;;;;;;;;;;;;;;;;;;;;;;;;;;;;;;;;;;;;;;;;;;;;;;;;;;;;;;;;
lightning_gem;nulall;mega_nulall;mega_nulall;mega_nulall;mega_mana;mega_mana;nulall;mega_nulall;super_elixir;final_elixir;rolling_thunder;rolling_thunder;rolling_thunder;rolling_thunder;rolling_thunder;rolling_thunder;rolling_thunder;rolling_thunder;rolling_thunder;rolling_thunder;rolling_thunder;rolling_thunder;rolling_thunder;pineapple;calamity_bomb;calamity_bomb;pineapple;calamity_bomb;potato_masher;rolling_thunder;rolling_thunder;rolling_thunder;;;;;;;;;;;;;;;;;;;;;;;;;;;;;;;;;;;;;;;;;;;;;;;;;;;;;;;;;;;;;;;;;;;;;;;;;;;;;;;;;;;;;;;;;;;;;;;;;;;;;;;;;;;;;;;;;;;;;;;;;;;;;;;;;;;;;;;;;;;;;;;;;;;;
fish_scale;nulall;mega_nulall;mega_nulall;mega_nulall;mega_mana;mega_mana;nulall;mega_nulall;super_elixir;final_elixir;waterfall;waterfall;waterfall;waterfall;waterfall;waterfall;waterfall;waterfall;waterfall;waterfall;waterfall;flash_flood;flash_flood;pineapple;pineapple;pineapple;pineapple;pineapple;pineapple;grenade;thunderbolt;thunderbolt;flash_flood;;;;;;;;;;;;;;;;;;;;;;;;;;;;;;;;;;;;;;;;;;;;;;;;;;;;;;;;;;;;;;;;;;;;;;;;;;;;;;;;;;;;;;;;;;;;;;;;;;;;;;;;;;;;;;;;;;;;;;;;;;;;;;;;;;;;;;;;;;;;;;;;;;;
dragon_scale;nulall;mega_nulall;mega_nulall;mega_nulall;mega_mana;mega_mana;nulall;mega_nulall;super_elixir;final_elixir;waterfall;waterfall;waterfall;waterfall;waterfall;waterfall;waterfall;waterfall;waterfall;waterfall;flash_flood;flash_flood;flash_flood;pineapple;pineapple;calamity_bomb;pineapple;pineapple;potato_masher;waterfall;grenade;thunderbolt;flash_flood;flash_flood;;;;;;;;;;;;;;;;;;;;;;;;;;;;;;;;;;;;;;;;;;;;;;;;;;;;;;;;;;;;;;;;;;;;;;;;;;;;;;;;;;;;;;;;;;;;;;;;;;;;;;;;;;;;;;;;;;;;;;;;;;;;;;;;;;;;;;;;;;;;;;;;;;
water_gem;nulall;mega_nulall;mega_nulall;mega_nulall;mega_mana;mega_mana;nulall;mega_nulall;super_elixir;final_elixir;flash_flood;flash_flood;flash_flood;flash_flood;flash_flood;flash_flood;flash_flood;flash_flood;flash_flood;flash_flood;flash_flood;flash_flood;flash_flood;pineapple;calamity_bomb;calamity_bomb;pineapple;calamity_bomb;potato_masher;waterfall;waterfall;grenade;flash_flood;flash_flood;flash_flood;;;;;;;;;;;;;;;;;;;;;;;;;;;;;;;;;;;;;;;;;;;;;;;;;;;;;;;;;;;;;;;;;;;;;;;;;;;;;;;;;;;;;;;;;;;;;;;;;;;;;;;;;;;;;;;;;;;;;;;;;;;;;;;;;;;;;;;;;;;;;;;;;
grenade;ultra_potion;ultra_potion;megalixir;megalixir;mana;mega_mana;mega_phoenix;final_phoenix;megalixir;super_elixir;blaster_mine;blaster_mine;blaster_mine;blaster_mine;blaster_mine;blaster_mine;blaster_mine;blaster_mine;blaster_mine;blaster_mine;blaster_mine;hazardous_shell;hazardous_shell;snow_flurry;snow_flurry;icefall;heat_blaster;heat_blaster;firestorm;thunderbolt;thunderbolt;rolling_thunder;waterfall;waterfall;flash_flood;flash_flood;;;;;;;;;;;;;;;;;;;;;;;;;;;;;;;;;;;;;;;;;;;;;;;;;;;;;;;;;;;;;;;;;;;;;;;;;;;;;;;;;;;;;;;;;;;;;;;;;;;;;;;;;;;;;;;;;;;;;;;;;;;;;;;;;;;;;;;;;;;;;;;;
frag_grenade;ultra_potion;ultra_potion;megalixir;megalixir;mana;mega_mana;mega_phoenix;final_phoenix;megalixir;super_elixir;blaster_mine;blaster_mine;blaster_mine;blaster_mine;blaster_mine;blaster_mine;blaster_mine;blaster_mine;blaster_mine;blaster_mine;blaster_mine;hazardous_shell;hazardous_shell;snow_flurry;icefall;icefall;heat_blaster;firestorm;firestorm;thunderbolt;rolling_thunder;rolling_thunder;waterfall;flash_flood;flash_flood;flash_flood;flash_flood;;;;;;;;;;;;;;;;;;;;;;;;;;;;;;;;;;;;;;;;;;;;;;;;;;;;;;;;;;;;;;;;;;;;;;;;;;;;;;;;;;;;;;;;;;;;;;;;;;;;;;;;;;;;;;;;;;;;;;;;;;;;;;;;;;;;;;;;;;;;;;;
sleeping_powder;panacea;megalixir;megalixir;megalixir;mega_mana;mega_mana;mega_phoenix;final_phoenix;super_elixir;final_elixir;megalixir;megalixir;megalixir;megalixir;megalixir;super_elixir;ultra_cure;ultra_cure;ultra_cure;ultra_cure;ultra_cure;super_elixir;super_elixir;black_ice;black_ice;black_ice;brimstone;brimstone;abaddon_flame;electroshock;electroshock;thunderblast;aqua_toxin;aqua_toxin;dark_rain;blaster_mine;hazardous_shell;hazardous_shell;;;;;;;;;;;;;;;;;;;;;;;;;;;;;;;;;;;;;;;;;;;;;;;;;;;;;;;;;;;;;;;;;;;;;;;;;;;;;;;;;;;;;;;;;;;;;;;;;;;;;;;;;;;;;;;;;;;;;;;;;;;;;;;;;;;;;;;;;;;;;;
dream_powder;panacea;megalixir;megalixir;megalixir;mega_mana;mega_mana;mega_phoenix;final_phoenix;super_elixir;final_elixir;megalixir;megalixir;megalixir;megalixir;megalixir;super_elixir;ultra_cure;ultra_cure;ultra_cure;ultra_cure;ultra_cure;super_elixir;super_elixir;black_ice;krysta;krysta;brimstone;abaddon_flame;abaddon_flame;electroshock;thunderblast;thunderblast;aqua_toxin;aqua_toxin;dark_rain;blaster_mine;hazardous_shell;hazardous_shell;hazardous_shell;;;;;;;;;;;;;;;;;;;;;;;;;;;;;;;;;;;;;;;;;;;;;;;;;;;;;;;;;;;;;;;;;;;;;;;;;;;;;;;;;;;;;;;;;;;;;;;;;;;;;;;;;;;;;;;;;;;;;;;;;;;;;;;;;;;;;;;;;;;;;
silence_grenade;panacea;megalixir;megalixir;megalixir;mega_mana;mega_mana;mega_phoenix;final_phoenix;super_elixir;final_elixir;megalixir;megalixir;megalixir;megalixir;megalixir;super_elixir;ultra_cure;ultra_cure;ultra_cure;ultra_cure;ultra_cure;super_elixir;super_elixir;black_ice;krysta;krysta;brimstone;brimstone;abaddon_flame;electroshock;electroshock;thunderblast;aqua_toxin;aqua_toxin;dark_rain;blaster_mine;hazardous_shell;hazardous_shell;hazardous_shell;hazardous_shell;;;;;;;;;;;;;;;;;;;;;;;;;;;;;;;;;;;;;;;;;;;;;;;;;;;;;;;;;;;;;;;;;;;;;;;;;;;;;;;;;;;;;;;;;;;;;;;;;;;;;;;;;;;;;;;;;;;;;;;;;;;;;;;;;;;;;;;;;;;;
smoke_bomb;panacea;megalixir;megalixir;megalixir;mega_mana;mega_mana;mega_phoenix;final_phoenix;super_elixir;final_elixir;megalixir;megalixir;megalixir;megalixir;megalixir;super_elixir;ultra_cure;ultra_cure;ultra_cure;ultra_cure;ultra_cure;super_elixir;super_elixir;black_ice;black_ice;krysta;brimstone;brimstone;abaddon_flame;electroshock;electroshock;thunderblast;aqua_toxin;aqua_toxin;dark_rain;blaster_mine;hazardous_shell;hazardous_shell;hazardous_shell;hazardous_shell;hazardous_shell;;;;;;;;;;;;;;;;;;;;;;;;;;;;;;;;;;;;;;;;;;;;;;;;;;;;;;;;;;;;;;;;;;;;;;;;;;;;;;;;;;;;;;;;;;;;;;;;;;;;;;;;;;;;;;;;;;;;;;;;;;;;;;;;;;;;;;;;;;;
shadow_gem;panacea;megalixir;megalixir;megalixir;mega_mana;mega_mana;mega_phoenix;final_phoenix;super_elixir;final_elixir;megalixir;megalixir;megalixir;megalixir;megalixir;super_elixir;nega_burst;nega_burst;nega_burst;nega_burst;nega_burst;super_elixir;super_elixir;nega_burst;nega_burst;nega_burst;nega_burst;nega_burst;nega_burst;nega_burst;nega_burst;nega_burst;nega_burst;nega_burst;nega_burst;nega_burst;nega_burst;nega_burst;nega_burst;nega_burst;nega_burst;nega_burst;;;;;;;;;;;;;;;;;;;;;;;;;;;;;;;;;;;;;;;;;;;;;;;;;;;;;;;;;;;;;;;;;;;;;;;;;;;;;;;;;;;;;;;;;;;;;;;;;;;;;;;;;;;;;;;;;;;;;;;;;;;;;;;;;;;;;;;;;;
shining_gem;megalixir;megalixir;megalixir;megalixir;freedom_x;freedom_x;final_phoenix;final_phoenix;final_elixir;final_elixir;megalixir;megalixir;megalixir;megalixir;megalixir;super_elixir;megalixir;megalixir;megalixir;megalixir;megalixir;super_elixir;super_elixir;cluster_bomb;cluster_bomb;cluster_bomb;cluster_bomb;cluster_bomb;cluster_bomb;cluster_bomb;cluster_bomb;cluster_bomb;cluster_bomb;cluster_bomb;cluster_bomb;cluster_bomb;cluster_bomb;cluster_bomb;cluster_bomb;cluster_bomb;cluster_bomb;tallboy;tallboy;;;;;;;;;;;;;;;;;;;;;;;;;;;;;;;;;;;;;;;;;;;;;;;;;;;;;;;;;;;;;;;;;;;;;;;;;;;;;;;;;;;;;;;;;;;;;;;;;;;;;;;;;;;;;;;;;;;;;;;;;;;;;;;;;;;;;;;;;
blessed_gem;megalixir;megalixir;megalixir;megalixir;freedom_x;freedom_x;final_phoenix;final_phoenix;final_elixir;final_elixir;megalixir;megalixir;megalixir;megalixir;megalixir;super_elixir;megalixir;megalixir;megalixir;megalixir;megalixir;super_elixir;super_elixir;cluster_bomb;cluster_bomb;cluster_bomb;cluster_bomb;cluster_bomb;cluster_bomb;cluster_bomb;cluster_bomb;cluster_bomb;cluster_bomb;cluster_bomb;cluster_bomb;cluster_bomb;cluster_bomb;cluster_bomb;cluster_bomb;cluster_bomb;cluster_bomb;tallboy;tallboy;tallboy;;;;;;;;;;;;;;;;;;;;;;;;;;;;;;;;;;;;;;;;;;;;;;;;;;;;;;;;;;;;;;;;;;;;;;;;;;;;;;;;;;;;;;;;;;;;;;;;;;;;;;;;;;;;;;;;;;;;;;;;;;;;;;;;;;;;;;;;
supreme_gem;super_elixir;super_elixir;final_elixir;final_elixir;freedom_x;freedom_x;final_elixir;final_elixir;final_elixir;final_elixir;megalixir;megalixir;megalixir;megalixir;megalixir;super_elixir;megalixir;megalixir;megalixir;megalixir;megalixir;super_elixir;super_elixir;tallboy;tallboy;tallboy;tallboy;tallboy;tallboy;tallboy;tallboy;tallboy;tallboy;tallboy;tallboy;tallboy;tallboy;tallboy;tallboy;tallboy;tallboy;tallboy;sunburst;sunburst;sunburst;;;;;;;;;;;;;;;;;;;;;;;;;;;;;;;;;;;;;;;;;;;;;;;;;;;;;;;;;;;;;;;;;;;;;;;;;;;;;;;;;;;;;;;;;;;;;;;;;;;;;;;;;;;;;;;;;;;;;;;;;;;;;;;;;;;;;;;
poison_fang;panacea;megalixir;megalixir;megalixir;mega_mana;mega_mana;mega_phoenix;final_phoenix;super_elixir;final_elixir;megalixir;megalixir;megalixir;megalixir;megalixir;super_elixir;ultra_cure;ultra_cure;ultra_cure;ultra_cure;ultra_cure;super_elixir;super_elixir;black_ice;black_ice;krysta;brimstone;brimstone;abaddon_flame;electroshock;electroshock;thunderblast;aqua_toxin;aqua_toxin;dark_rain;blaster_mine;hazardous_shell;hazardous_shell;hazardous_shell;hazardous_shell;hazardous_shell;nega_burst;calamity_bomb;calamity_bomb;chaos_grenade;hazardous_shell;;;;;;;;;;;;;;;;;;;;;;;;;;;;;;;;;;;;;;;;;;;;;;;;;;;;;;;;;;;;;;;;;;;;;;;;;;;;;;;;;;;;;;;;;;;;;;;;;;;;;;;;;;;;;;;;;;;;;;;;;;;;;;;;;;;;;;
silver_hourglass;panacea;megalixir;megalixir;megalixir;mega_mana;mega_mana;mega_phoenix;final_phoenix;super_elixir;final_elixir;megalixir;megalixir;megalixir;megalixir;megalixir;super_elixir;ultra_cure;ultra_cure;ultra_cure;ultra_cure;ultra_cure;super_elixir;super_elixir;black_ice;black_ice;krysta;brimstone;brimstone;abaddon_flame;electroshock;electroshock;thunderblast;aqua_toxin;aqua_toxin;dark_rain;blaster_mine;hazardous_shell;hazardous_shell;hazardous_shell;hazardous_shell;hazardous_shell;nega_burst;calamity_bomb;calamity_bomb;chaos_grenade;hazardous_shell;hazardous_shell;;;;;;;;;;;;;;;;;;;;;;;;;;;;;;;;;;;;;;;;;;;;;;;;;;;;;;;;;;;;;;;;;;;;;;;;;;;;;;;;;;;;;;;;;;;;;;;;;;;;;;;;;;;;;;;;;;;;;;;;;;;;;;;;;;;;;
gold_hourglass;panacea;megalixir;megalixir;megalixir;mega_mana;mega_mana;mega_phoenix;final_phoenix;super_elixir;final_elixir;megalixir;megalixir;megalixir;megalixir;megalixir;super_elixir;ultra_cure;ultra_cure;ultra_cure;ultra_cure;ultra_cure;super_elixir;super_elixir;black_ice;black_ice;krysta;brimstone;brimstone;abaddon_flame;electroshock;electroshock;thunderblast;aqua_toxin;aqua_toxin;dark_rain;blaster_mine;hazardous_shell;hazardous_shell;hazardous_shell;hazardous_shell;hazardous_shell;nega_burst;calamity_bomb;calamity_bomb;chaos_grenade;hazardous_shell;hazardous_shell;hazardous_shell;;;;;;;;;;;;;;;;;;;;;;;;;;;;;;;;;;;;;;;;;;;;;;;;;;;;;;;;;;;;;;;;;;;;;;;;;;;;;;;;;;;;;;;;;;;;;;;;;;;;;;;;;;;;;;;;;;;;;;;;;;;;;;;;;;;;
candle_of_life;panacea;megalixir;megalixir;megalixir;mega_mana;mega_mana;mega_phoenix;final_phoenix;super_elixir;final_elixir;megalixir;megalixir;megalixir;megalixir;megalixir;super_elixir;ultra_cure;ultra_cure;ultra_cure;ultra_cure;ultra_cure;super_elixir;super_elixir;black_ice;black_ice;krysta;brimstone;brimstone;abaddon_flame;electroshock;electroshock;thunderblast;aqua_toxin;aqua_toxin;dark_rain;blaster_mine;hazardous_shell;hazardous_shell;hazardous_shell;hazardous_shell;hazardous_shell;nega_burst;calamity_bomb;calamity_bomb;chaos_grenade;hazardous_shell;hazardous_shell;hazardous_shell;hazardous_shell;;;;;;;;;;;;;;;;;;;;;;;;;;;;;;;;;;;;;;;;;;;;;;;;;;;;;;;;;;;;;;;;;;;;;;;;;;;;;;;;;;;;;;;;;;;;;;;;;;;;;;;;;;;;;;;;;;;;;;;;;;;;;;;;;;;
petrify_grenade;panacea;megalixir;megalixir;megalixir;mega_mana;mega_mana;mega_phoenix;final_phoenix;super_elixir;final_elixir;megalixir;megalixir;megalixir;megalixir;megalixir;super_elixir;ultra_cure;ultra_cure;ultra_cure;ultra_cure;ultra_cure;super_elixir;super_elixir;black_ice;black_ice;krysta;brimstone;brimstone;abaddon_flame;electroshock;electroshock;thunderblast;aqua_toxin;aqua_toxin;dark_rain;blaster_mine;hazardous_shell;hazardous_shell;hazardous_shell;hazardous_shell;hazardous_shell;nega_burst;calamity_bomb;calamity_bomb;chaos_grenade;hazardous_shell;hazardous_shell;hazardous_shell;hazardous_shell;calamity_bomb;;;;;;;;;;;;;;;;;;;;;;;;;;;;;;;;;;;;;;;;;;;;;;;;;;;;;;;;;;;;;;;;;;;;;;;;;;;;;;;;;;;;;;;;;;;;;;;;;;;;;;;;;;;;;;;;;;;;;;;;;;;;;;;;;;
farplane_shadow;megalixir;megalixir;super_elixir;super_elixir;mega_mana;mega_mana;final_phoenix;final_phoenix;super_elixir;final_elixir;megalixir;megalixir;megalixir;megalixir;megalixir;super_elixir;ultra_cure;ultra_cure;ultra_cure;ultra_cure;ultra_cure;super_elixir;super_elixir;black_ice;krysta;krysta;brimstone;abaddon_flame;abaddon_flame;electroshock;thunderblast;thunderblast;aqua_toxin;dark_rain;dark_rain;hazardous_shell;hazardous_shell;calamity_bomb;calamity_bomb;calamity_bomb;calamity_bomb;nega_burst;chaos_grenade;chaos_grenade;chaos_grenade;calamity_bomb;calamity_bomb;calamity_bomb;calamity_bomb;calamity_bomb;calamity_bomb;;;;;;;;;;;;;;;;;;;;;;;;;;;;;;;;;;;;;;;;;;;;;;;;;;;;;;;;;;;;;;;;;;;;;;;;;;;;;;;;;;;;;;;;;;;;;;;;;;;;;;;;;;;;;;;;;;;;;;;;;;;;;;;;;
farplane_wind;megalixir;megalixir;super_elixir;super_elixir;freedom;freedom_x;final_phoenix;final_phoenix;final_elixir;final_elixir;megalixir;megalixir;megalixir;megalixir;megalixir;super_elixir;ultra_cure;ultra_cure;ultra_cure;ultra_cure;ultra_cure;final_elixir;final_elixir;black_ice;krysta;krysta;brimstone;abaddon_flame;abaddon_flame;electroshock;thunderblast;thunderblast;aqua_toxin;dark_rain;dark_rain;hazardous_shell;hazardous_shell;calamity_bomb;calamity_bomb;calamity_bomb;calamity_bomb;nega_burst;chaos_grenade;chaos_grenade;chaos_grenade;calamity_bomb;calamity_bomb;calamity_bomb;calamity_bomb;calamity_bomb;calamity_bomb;chaos_grenade;;;;;;;;;;;;;;;;;;;;;;;;;;;;;;;;;;;;;;;;;;;;;;;;;;;;;;;;;;;;;;;;;;;;;;;;;;;;;;;;;;;;;;;;;;;;;;;;;;;;;;;;;;;;;;;;;;;;;;;;;;;;;;;;
designer_wallet;hero_drink;hero_drink;hero_drink;hero_drink;miracle_drink;miracle_drink;hero_drink;miracle_drink;miracle_drink;miracle_drink;hero_drink;hero_drink;hero_drink;hero_drink;hero_drink;hero_drink;hero_drink;hero_drink;hero_drink;hero_drink;hero_drink;hero_drink;hero_drink;miracle_drink;miracle_drink;miracle_drink;miracle_drink;miracle_drink;miracle_drink;miracle_drink;miracle_drink;miracle_drink;miracle_drink;miracle_drink;miracle_drink;hero_drink;miracle_drink;miracle_drink;miracle_drink;miracle_drink;miracle_drink;miracle_drink;miracle_drink;miracle_drink;miracle_drink;miracle_drink;miracle_drink;miracle_drink;miracle_drink;miracle_drink;miracle_drink;miracle_drink;miracle_drink;;;;;;;;;;;;;;;;;;;;;;;;;;;;;;;;;;;;;;;;;;;;;;;;;;;;;;;;;;;;;;;;;;;;;;;;;;;;;;;;;;;;;;;;;;;;;;;;;;;;;;;;;;;;;;;;;;;;;;;;;;;;;;;
dark_matter;final_elixir;final_elixir;final_elixir;final_elixir;final_elixir;final_elixir;final_elixir;final_elixir;eccentrick;eccentrick;final_elixir;final_elixir;final_elixir;final_elixir;final_elixir;final_elixir;final_elixir;final_elixir;final_elixir;final_elixir;final_elixir;final_elixir;final_elixir;quartet_of_9;trio_of_9999;sunburst;quartet_of_9;trio_of_9999;sunburst;quartet_of_9;trio_of_9999;sunburst;quartet_of_9;trio_of_9999;sunburst;quartet_of_9;quartet_of_9;quartet_of_9;quartet_of_9;quartet_of_9;quartet_of_9;quartet_of_9;sunburst;sunburst;sunburst;quartet_of_9;quartet_of_9;quartet_of_9;quartet_of_9;quartet_of_9;trio_of_9999;trio_of_9999;sunburst;sunburst;;;;;;;;;;;;;;;;;;;;;;;;;;;;;;;;;;;;;;;;;;;;;;;;;;;;;;;;;;;;;;;;;;;;;;;;;;;;;;;;;;;;;;;;;;;;;;;;;;;;;;;;;;;;;;;;;;;;;;;;;;;;;;
chocobo_wing;panacea;megalixir;megalixir;megalixir;mega_mana;mega_mana;mega_phoenix;final_phoenix;super_elixir;final_elixir;megalixir;megalixir;megalixir;megalixir;megalixir;super_elixir;ultra_cure;ultra_cure;ultra_cure;ultra_cure;ultra_cure;ultra_nulall;ultra_nulall;black_ice;black_ice;krysta;abaddon_flame;abaddon_flame;abaddon_flame;electroshock;electroshock;thunderblast;aqua_toxin;aqua_toxin;dark_rain;blaster_mine;hazardous_shell;hazardous_shell;hazardous_shell;hazardous_shell;hazardous_shell;nega_burst;calamity_bomb;calamity_bomb;chaos_grenade;hazardous_shell;hazardous_shell;hazardous_shell;hazardous_shell;hazardous_shell;calamity_bomb;calamity_bomb;miracle_drink;quartet_of_9;super_mighty_g;;;;;;;;;;;;;;;;;;;;;;;;;;;;;;;;;;;;;;;;;;;;;;;;;;;;;;;;;;;;;;;;;;;;;;;;;;;;;;;;;;;;;;;;;;;;;;;;;;;;;;;;;;;;;;;;;;;;;;;;;;;;;
chocobo_feather;panacea;megalixir;megalixir;megalixir;mega_mana;mega_mana;mega_phoenix;final_phoenix;super_elixir;final_elixir;megalixir;megalixir;megalixir;megalixir;megalixir;super_elixir;ultra_cure;ultra_cure;ultra_cure;ultra_cure;ultra_cure;ultra_nulall;ultra_nulall;black_ice;black_ice;krysta;abaddon_flame;abaddon_flame;abaddon_flame;electroshock;electroshock;thunderblast;aqua_toxin;aqua_toxin;dark_rain;blaster_mine;hazardous_shell;hazardous_shell;hazardous_shell;hazardous_shell;hazardous_shell;nega_burst;calamity_bomb;calamity_bomb;chaos_grenade;hazardous_shell;hazardous_shell;hazardous_shell;hazardous_shell;hazardous_shell;calamity_bomb;calamity_bomb;miracle_drink;quartet_of_9;super_mighty_g;super_mighty_g;;;;;;;;;;;;;;;;;;;;;;;;;;;;;;;;;;;;;;;;;;;;;;;;;;;;;;;;;;;;;;;;;;;;;;;;;;;;;;;;;;;;;;;;;;;;;;;;;;;;;;;;;;;;;;;;;;;;;;;;;;;;
lunar_curtain;panacea;megalixir;megalixir;megalixir;mega_mana;mega_mana;mega_phoenix;final_phoenix;super_elixir;final_elixir;mighty_wall;mighty_wall;mighty_wall;mighty_wall;mighty_wall;mighty_g;mighty_wall;mighty_wall;mighty_wall;mighty_wall;mighty_g;mighty_g;mighty_g;mighty_g;super_mighty_g;super_mighty_g;mighty_g;super_mighty_g;super_mighty_g;mighty_g;super_mighty_g;super_mighty_g;mighty_g;super_mighty_g;super_mighty_g;mighty_wall;super_mighty_g;mega_nulall;mega_nulall;mega_nulall;mega_nulall;mega_nulall;calamity_bomb;calamity_bomb;chaos_grenade;hazardous_shell;hazardous_shell;hazardous_shell;hazardous_shell;hazardous_shell;calamity_bomb;calamity_bomb;miracle_drink;quartet_of_9;super_mighty_g;super_mighty_g;super_mighty_g;;;;;;;;;;;;;;;;;;;;;;;;;;;;;;;;;;;;;;;;;;;;;;;;;;;;;;;;;;;;;;;;;;;;;;;;;;;;;;;;;;;;;;;;;;;;;;;;;;;;;;;;;;;;;;;;;;;;;;;;;;;
light_curtain;panacea;megalixir;megalixir;megalixir;mega_mana;mega_mana;mega_phoenix;final_phoenix;super_elixir;final_elixir;mighty_wall;mighty_wall;mighty_wall;mighty_wall;mighty_wall;mighty_g;mighty_wall;mighty_wall;mighty_wall;mighty_wall;mighty_g;mighty_g;mighty_g;mighty_g;super_mighty_g;super_mighty_g;mighty_g;super_mighty_g;super_mighty_g;mighty_g;super_mighty_g;super_mighty_g;mighty_g;super_mighty_g;super_mighty_g;mighty_wall;super_mighty_g;mega_nulall;mega_nulall;mega_nulall;mega_nulall;mega_nulall;calamity_bomb;calamity_bomb;chaos_grenade;hazardous_shell;hazardous_shell;hazardous_shell;hazardous_shell;hazardous_shell;calamity_bomb;calamity_bomb;miracle_drink;quartet_of_9;super_mighty_g;super_mighty_g;super_mighty_g;super_mighty_g;;;;;;;;;;;;;;;;;;;;;;;;;;;;;;;;;;;;;;;;;;;;;;;;;;;;;;;;;;;;;;;;;;;;;;;;;;;;;;;;;;;;;;;;;;;;;;;;;;;;;;;;;;;;;;;;;;;;;;;;;;
star_curtain;panacea;megalixir;megalixir;megalixir;mega_mana;mega_mana;mega_phoenix;final_phoenix;super_elixir;final_elixir;mighty_wall;mighty_wall;mighty_wall;mighty_wall;mighty_wall;mighty_g;mighty_wall;mighty_wall;mighty_wall;mighty_wall;mighty_g;mighty_g;mighty_g;mighty_g;super_mighty_g;super_mighty_g;mighty_g;super_mighty_g;super_mighty_g;mighty_g;super_mighty_g;super_mighty_g;mighty_g;super_mighty_g;super_mighty_g;mighty_wall;super_mighty_g;mega_nulall;mega_nulall;mega_nulall;mega_nulall;mega_nulall;calamity_bomb;calamity_bomb;chaos_grenade;hazardous_shell;hazardous_shell;hazardous_shell;hazardous_shell;hazardous_shell;calamity_bomb;calamity_bomb;miracle_drink;quartet_of_9;super_mighty_g;super_mighty_g;super_mighty_g;super_mighty_g;hyper_nulall;;;;;;;;;;;;;;;;;;;;;;;;;;;;;;;;;;;;;;;;;;;;;;;;;;;;;;;;;;;;;;;;;;;;;;;;;;;;;;;;;;;;;;;;;;;;;;;;;;;;;;;;;;;;;;;;;;;;;;;;;
healing_spring;panacea;megalixir;megalixir;megalixir;mega_mana;mega_mana;mega_phoenix;final_phoenix;super_elixir;final_elixir;megalixir;megalixir;megalixir;megalixir;megalixir;super_elixir;ultra_cure;ultra_cure;ultra_cure;ultra_cure;megalixir;super_elixir;super_elixir;black_ice;black_ice;krysta;brimstone;brimstone;abaddon_flame;electroshock;electroshock;thunderblast;aqua_toxin;aqua_toxin;dark_rain;super_mighty_g;super_mighty_g;hazardous_shell;hazardous_shell;hazardous_shell;hazardous_shell;nega_burst;calamity_bomb;calamity_bomb;chaos_grenade;hazardous_shell;hazardous_shell;hazardous_shell;hazardous_shell;hazardous_shell;calamity_bomb;calamity_bomb;miracle_drink;quartet_of_9;super_mighty_g;super_mighty_g;ultra_nulall;ultra_nulall;ultra_nulall;ultra_nulall;;;;;;;;;;;;;;;;;;;;;;;;;;;;;;;;;;;;;;;;;;;;;;;;;;;;;;;;;;;;;;;;;;;;;;;;;;;;;;;;;;;;;;;;;;;;;;;;;;;;;;;;;;;;;;;;;;;;;;;;
mana_spring;panacea;megalixir;megalixir;megalixir;mega_mana;mega_mana;mega_phoenix;final_phoenix;super_elixir;final_elixir;megalixir;megalixir;megalixir;megalixir;megalixir;super_elixir;ultra_cure;ultra_cure;ultra_cure;ultra_cure;megalixir;super_elixir;super_elixir;black_ice;black_ice;krysta;brimstone;brimstone;abaddon_flame;electroshock;electroshock;thunderblast;aqua_toxin;aqua_toxin;dark_rain;blaster_mine;hazardous_shell;hazardous_shell;hazardous_shell;hazardous_shell;hazardous_shell;nega_burst;calamity_bomb;calamity_bomb;chaos_grenade;hazardous_shell;hazardous_shell;hazardous_shell;hazardous_shell;hazardous_shell;calamity_bomb;calamity_bomb;miracle_drink;quartet_of_9;super_mighty_g;super_mighty_g;hyper_nulall;hyper_nulall;hyper_nulall;ultra_nulall;hyper_nulall;;;;;;;;;;;;;;;;;;;;;;;;;;;;;;;;;;;;;;;;;;;;;;;;;;;;;;;;;;;;;;;;;;;;;;;;;;;;;;;;;;;;;;;;;;;;;;;;;;;;;;;;;;;;;;;;;;;;;;;
stamina_spring;panacea;megalixir;megalixir;megalixir;mega_mana;mega_mana;mega_phoenix;final_phoenix;super_elixir;final_elixir;megalixir;megalixir;megalixir;megalixir;megalixir;super_elixir;ultra_cure;ultra_cure;ultra_cure;ultra_cure;megalixir;super_elixir;super_elixir;black_ice;black_ice;krysta;brimstone;brimstone;abaddon_flame;electroshock;electroshock;thunderblast;aqua_toxin;aqua_toxin;dark_rain;blaster_mine;hazardous_shell;hazardous_shell;hazardous_shell;hazardous_shell;hazardous_shell;nega_burst;calamity_bomb;calamity_bomb;chaos_grenade;hazardous_shell;hazardous_shell;hazardous_shell;hazardous_shell;hazardous_shell;calamity_bomb;calamity_bomb;miracle_drink;quartet_of_9;super_mighty_g;super_mighty_g;hyper_nulall;hyper_nulall;hyper_nulall;ultra_nulall;hyper_nulall;hyper_nulall;;;;;;;;;;;;;;;;;;;;;;;;;;;;;;;;;;;;;;;;;;;;;;;;;;;;;;;;;;;;;;;;;;;;;;;;;;;;;;;;;;;;;;;;;;;;;;;;;;;;;;;;;;;;;;;;;;;;;;
soul_spring;megalixir;megalixir;megalixir;megalixir;mega_mana;mega_mana;mega_phoenix;final_phoenix;super_elixir;final_elixir;megalixir;megalixir;megalixir;megalixir;megalixir;super_elixir;ultra_cure;ultra_cure;ultra_cure;ultra_cure;megalixir;super_elixir;super_elixir;black_ice;black_ice;krysta;brimstone;brimstone;abaddon_flame;electroshock;electroshock;thunderblast;aqua_toxin;aqua_toxin;dark_rain;blaster_mine;hazardous_shell;hazardous_shell;hazardous_shell;hazardous_shell;hazardous_shell;nega_burst;calamity_bomb;calamity_bomb;chaos_grenade;hazardous_shell;hazardous_shell;hazardous_shell;hazardous_shell;hazardous_shell;calamity_bomb;calamity_bomb;miracle_drink;quartet_of_9;super_mighty_g;super_mighty_g;hyper_nulall;hyper_nulall;hyper_nulall;ultra_nulall;hyper_nulall;hyper_nulall;hyper_nulall;;;;;;;;;;;;;;;;;;;;;;;;;;;;;;;;;;;;;;;;;;;;;;;;;;;;;;;;;;;;;;;;;;;;;;;;;;;;;;;;;;;;;;;;;;;;;;;;;;;;;;;;;;;;;;;;;;;;;
purifying_salt;megalixir;megalixir;megalixir;megalixir;mega_mana;mega_mana;mega_phoenix;final_phoenix;super_elixir;final_elixir;megalixir;megalixir;megalixir;megalixir;megalixir;super_elixir;ultra_cure;ultra_cure;ultra_cure;ultra_cure;megalixir;super_elixir;super_elixir;black_ice;black_ice;krysta;brimstone;brimstone;abaddon_flame;electroshock;electroshock;thunderblast;aqua_toxin;aqua_toxin;dark_rain;blaster_mine;hazardous_shell;hazardous_shell;hazardous_shell;hazardous_shell;hazardous_shell;nega_burst;calamity_bomb;calamity_bomb;chaos_grenade;hazardous_shell;hazardous_shell;hazardous_shell;hazardous_shell;hazardous_shell;calamity_bomb;calamity_bomb;miracle_drink;quartet_of_9;super_mighty_g;super_mighty_g;hyper_nulall;hyper_nulall;hyper_nulall;ultra_nulall;hyper_nulall;hyper_nulall;hyper_nulall;hyper_nulall;;;;;;;;;;;;;;;;;;;;;;;;;;;;;;;;;;;;;;;;;;;;;;;;;;;;;;;;;;;;;;;;;;;;;;;;;;;;;;;;;;;;;;;;;;;;;;;;;;;;;;;;;;;;;;;;;;;;
stamina_tablet;mega_vitality;mega_vitality;mega_vitality;mega_vitality;freedom_x;freedom_x;mega_vitality;hot_spurs;mega_vitality;eccentrick;mega_vitality;mega_vitality;mega_vitality;mega_vitality;mega_vitality;mega_vitality;mega_vitality;mega_vitality;mega_vitality;mega_vitality;mega_vitality;mega_vitality;mega_vitality;mega_vitality;mega_vitality;mega_vitality;mega_vitality;mega_vitality;mega_vitality;mega_vitality;mega_vitality;mega_vitality;mega_vitality;mega_vitality;mega_vitality;mega_vitality;mega_vitality;mega_vitality;mega_vitality;mega_vitality;mega_vitality;mega_vitality;mega_vitality;mega_vitality;mega_vitality;mega_vitality;mega_vitality;mega_vitality;mega_vitality;mega_vitality;mega_vitality;mega_vitality;mega_vitality;trio_of_9999;mega_vitality;mega_vitality;mega_vitality;mega_vitality;mega_vitality;mega_vitality;mega_vitality;mega_vitality;mega_vitality;mega_vitality;mega_vitality;;;;;;;;;;;;;;;;;;;;;;;;;;;;;;;;;;;;;;;;;;;;;;;;;;;;;;;;;;;;;;;;;;;;;;;;;;;;;;;;;;;;;;;;;;;;;;;;;;;;;;;;;;;;;;;;;;;
mana_tablet;hyper_mana;hyper_mana;hyper_mana;hyper_mana;hyper_mana;hyper_mana;hyper_mana;hot_spurs;hyper_mana;eccentrick;hyper_mana;hyper_mana;hyper_mana;hyper_mana;hyper_mana;hyper_mana;hyper_mana;hyper_mana;hyper_mana;hyper_mana;hyper_mana;hyper_mana;hyper_mana;hyper_mana;hyper_mana;hyper_mana;hyper_mana;hyper_mana;hyper_mana;hyper_mana;hyper_mana;hyper_mana;hyper_mana;hyper_mana;hyper_mana;hyper_mana;hyper_mana;hyper_mana;hyper_mana;hyper_mana;hyper_mana;hyper_mana;hot_spurs;sunburst;sunburst;hyper_mana;hyper_mana;hyper_mana;hyper_mana;hyper_mana;hyper_mana;hyper_mana;hyper_mana;trio_of_9999;hyper_mana;hyper_mana;hyper_mana;hyper_mana;hyper_mana;hyper_mana;hyper_mana;hyper_mana;hyper_mana;hyper_mana;hyper_mana;hyper_mana;;;;;;;;;;;;;;;;;;;;;;;;;;;;;;;;;;;;;;;;;;;;;;;;;;;;;;;;;;;;;;;;;;;;;;;;;;;;;;;;;;;;;;;;;;;;;;;;;;;;;;;;;;;;;;;;;;
twin_stars;freedom_x;freedom_x;freedom_x;freedom_x;freedom_x;freedom_x;freedom_x;hot_spurs;freedom_x;eccentrick;freedom_x;freedom_x;freedom_x;freedom_x;freedom_x;freedom_x;freedom_x;freedom_x;freedom_x;freedom_x;freedom_x;freedom_x;freedom_x;freedom_x;freedom_x;freedom_x;freedom_x;freedom_x;freedom_x;freedom_x;freedom_x;freedom_x;freedom_x;freedom_x;freedom_x;freedom_x;freedom_x;freedom_x;freedom_x;freedom_x;freedom_x;freedom_x;hot_spurs;hot_spurs;hot_spurs;freedom_x;freedom_x;freedom_x;freedom_x;freedom_x;freedom_x;freedom_x;freedom_x;trio_of_9999;freedom_x;freedom_x;freedom_x;freedom_x;freedom_x;freedom_x;freedom_x;freedom_x;freedom_x;freedom_x;hyper_mana;hyper_mana;freedom_x;;;;;;;;;;;;;;;;;;;;;;;;;;;;;;;;;;;;;;;;;;;;;;;;;;;;;;;;;;;;;;;;;;;;;;;;;;;;;;;;;;;;;;;;;;;;;;;;;;;;;;;;;;;;;;;;;
stamina_tonic;hyper_vitality;hyper_vitality;hyper_vitality;hyper_vitality;hyper_vitality;hyper_vitality;hyper_vitality;hot_spurs;hyper_vitality;eccentrick;hyper_vitality;hyper_vitality;hyper_vitality;hyper_vitality;hyper_vitality;hyper_vitality;hyper_vitality;hyper_vitality;hyper_vitality;hyper_vitality;hyper_vitality;hyper_vitality;hyper_vitality;hyper_vitality;hyper_vitality;hyper_vitality;hyper_vitality;hyper_vitality;hyper_vitality;hyper_vitality;hyper_vitality;hyper_vitality;hyper_vitality;hyper_vitality;hyper_vitality;hyper_vitality;hyper_vitality;hyper_vitality;hyper_vitality;hyper_vitality;hyper_vitality;hyper_vitality;hot_spurs;hot_spurs;hot_spurs;hyper_vitality;hyper_vitality;hyper_vitality;hyper_vitality;hyper_vitality;hyper_vitality;hyper_vitality;hyper_vitality;trio_of_9999;hyper_vitality;hyper_vitality;hyper_vitality;hyper_vitality;hyper_vitality;hyper_vitality;hyper_vitality;hyper_vitality;hyper_vitality;hyper_vitality;hyper_vitality;hyper_mana;hyper_mana;hyper_vitality;;;;;;;;;;;;;;;;;;;;;;;;;;;;;;;;;;;;;;;;;;;;;;;;;;;;;;;;;;;;;;;;;;;;;;;;;;;;;;;;;;;;;;;;;;;;;;;;;;;;;;;;;;;;;;;;
mana_tonic;hyper_mana;hyper_mana;hyper_mana;hyper_mana;hyper_mana;hyper_mana;hyper_mana;hot_spurs;hyper_mana;eccentrick;hyper_mana;hyper_mana;hyper_mana;hyper_mana;hyper_mana;hyper_mana;hyper_mana;hyper_mana;hyper_mana;hyper_mana;hyper_mana;hyper_mana;hyper_mana;hyper_mana;hyper_mana;hyper_mana;hyper_mana;hyper_mana;hyper_mana;hyper_mana;hyper_mana;hyper_mana;hyper_mana;hyper_mana;hyper_mana;hyper_mana;hyper_mana;hyper_mana;hyper_mana;hyper_mana;hyper_mana;hyper_mana;hot_spurs;sunburst;sunburst;hyper_mana;hyper_mana;hyper_mana;hyper_mana;hyper_mana;hyper_mana;hyper_mana;hyper_mana;trio_of_9999;hyper_mana;hyper_mana;hyper_mana;hyper_mana;hyper_mana;hyper_mana;hyper_mana;hyper_mana;hyper_mana;hyper_mana;hyper_mana;hyper_mana;hyper_mana;hyper_vitality;hyper_mana;;;;;;;;;;;;;;;;;;;;;;;;;;;;;;;;;;;;;;;;;;;;;;;;;;;;;;;;;;;;;;;;;;;;;;;;;;;;;;;;;;;;;;;;;;;;;;;;;;;;;;;;;;;;;;;
three_stars;mega_vitality;mega_vitality;mega_vitality;mega_vitality;hyper_mana;hyper_mana;mega_vitality;hot_spurs;mega_vitality;eccentrick;final_elixir;final_elixir;final_elixir;final_elixir;final_elixir;final_elixir;final_elixir;final_elixir;final_elixir;final_elixir;final_elixir;final_elixir;final_elixir;snow_flurry;icefall;hot_spurs;heat_blaster;firestorm;hot_spurs;thunderbolt;rolling_thunder;hot_spurs;waterfall;flash_flood;hot_spurs;tallboy;tallboy;calamity_bomb;calamity_bomb;calamity_bomb;calamity_bomb;calamity_bomb;sunburst;sunburst;sunburst;calamity_bomb;calamity_bomb;calamity_bomb;calamity_bomb;calamity_bomb;calamity_bomb;calamity_bomb;miracle_drink;quartet_of_9;super_mighty_g;super_mighty_g;super_mighty_g;super_mighty_g;super_mighty_g;super_mighty_g;super_mighty_g;super_mighty_g;super_mighty_g;super_mighty_g;mega_vitality;hyper_mana;freedom_x;hyper_vitality;hyper_mana;sunburst;;;;;;;;;;;;;;;;;;;;;;;;;;;;;;;;;;;;;;;;;;;;;;;;;;;;;;;;;;;;;;;;;;;;;;;;;;;;;;;;;;;;;;;;;;;;;;;;;;;;;;;;;;;;;;
power_sphere;ultra_potion;ultra_potion;ultra_potion;ultra_potion;mana;mega_mana;mega_phoenix;final_phoenix;megalixir;super_elixir;elixir;elixir;elixir;elixir;megalixir;megalixir;mighty_wall;mighty_wall;mighty_wall;mighty_wall;megalixir;megalixir;megalixir;snow_flurry;snow_flurry;icefall;heat_blaster;heat_blaster;brimstone;thunderbolt;thunderbolt;rolling_thunder;waterfall;waterfall;flash_flood;blaster_mine;hazardous_shell;blaster_mine;blaster_mine;blaster_mine;blaster_mine;nega_burst;hazardous_shell;hazardous_shell;calamity_bomb;blaster_mine;blaster_mine;blaster_mine;blaster_mine;blaster_mine;hazardous_shell;hazardous_shell;miracle_drink;quartet_of_9;mighty_wall;mighty_wall;mighty_wall;mighty_wall;mega_nulall;megalixir;megalixir;megalixir;megalixir;megalixir;mega_vitality;hyper_mana;freedom_x;hyper_vitality;hyper_mana;freedom_x;frag_grenade;;;;;;;;;;;;;;;;;;;;;;;;;;;;;;;;;;;;;;;;;;;;;;;;;;;;;;;;;;;;;;;;;;;;;;;;;;;;;;;;;;;;;;;;;;;;;;;;;;;;;;;;;;;;;
mana_sphere;ultra_potion;ultra_potion;ultra_potion;ultra_potion;mana;mega_mana;mega_phoenix;final_phoenix;megalixir;super_elixir;elixir;elixir;elixir;elixir;megalixir;megalixir;mighty_wall;mighty_wall;mighty_wall;mighty_wall;megalixir;megalixir;megalixir;snow_flurry;snow_flurry;icefall;heat_blaster;heat_blaster;brimstone;thunderbolt;thunderbolt;rolling_thunder;waterfall;waterfall;flash_flood;blaster_mine;hazardous_shell;blaster_mine;blaster_mine;blaster_mine;blaster_mine;nega_burst;hazardous_shell;hazardous_shell;calamity_bomb;blaster_mine;blaster_mine;blaster_mine;blaster_mine;blaster_mine;hazardous_shell;hazardous_shell;miracle_drink;quartet_of_9;mighty_wall;mighty_wall;mighty_wall;mighty_wall;mega_nulall;megalixir;megalixir;megalixir;megalixir;megalixir;mega_vitality;hyper_mana;freedom_x;hyper_vitality;hyper_mana;freedom_x;frag_grenade;frag_grenade;;;;;;;;;;;;;;;;;;;;;;;;;;;;;;;;;;;;;;;;;;;;;;;;;;;;;;;;;;;;;;;;;;;;;;;;;;;;;;;;;;;;;;;;;;;;;;;;;;;;;;;;;;;;
speed_sphere;ultra_potion;ultra_potion;ultra_potion;ultra_potion;mana;mega_mana;mega_phoenix;final_phoenix;megalixir;super_elixir;elixir;elixir;elixir;elixir;megalixir;megalixir;mighty_wall;mighty_wall;mighty_wall;mighty_wall;megalixir;megalixir;megalixir;snow_flurry;snow_flurry;icefall;heat_blaster;heat_blaster;brimstone;thunderbolt;thunderbolt;rolling_thunder;waterfall;waterfall;flash_flood;blaster_mine;hazardous_shell;blaster_mine;blaster_mine;blaster_mine;blaster_mine;nega_burst;hazardous_shell;hazardous_shell;calamity_bomb;blaster_mine;blaster_mine;blaster_mine;blaster_mine;blaster_mine;hazardous_shell;hazardous_shell;miracle_drink;quartet_of_9;mighty_wall;mighty_wall;mighty_wall;mighty_wall;mega_nulall;megalixir;megalixir;megalixir;megalixir;megalixir;mega_vitality;hyper_mana;freedom_x;hyper_vitality;hyper_mana;freedom_x;frag_grenade;frag_grenade;frag_grenade;;;;;;;;;;;;;;;;;;;;;;;;;;;;;;;;;;;;;;;;;;;;;;;;;;;;;;;;;;;;;;;;;;;;;;;;;;;;;;;;;;;;;;;;;;;;;;;;;;;;;;;;;;;
ability_sphere;ultra_potion;ultra_potion;ultra_potion;ultra_potion;mana;mega_mana;mega_phoenix;final_phoenix;megalixir;super_elixir;elixir;elixir;elixir;elixir;megalixir;megalixir;mighty_wall;mighty_wall;mighty_wall;mighty_wall;megalixir;megalixir;megalixir;snow_flurry;snow_flurry;icefall;heat_blaster;heat_blaster;brimstone;thunderbolt;thunderbolt;rolling_thunder;waterfall;waterfall;flash_flood;blaster_mine;hazardous_shell;blaster_mine;blaster_mine;blaster_mine;blaster_mine;nega_burst;hazardous_shell;hazardous_shell;calamity_bomb;blaster_mine;blaster_mine;blaster_mine;blaster_mine;blaster_mine;hazardous_shell;hazardous_shell;miracle_drink;quartet_of_9;mighty_wall;mighty_wall;mighty_wall;mighty_wall;mega_nulall;megalixir;megalixir;megalixir;megalixir;megalixir;mega_vitality;hyper_mana;freedom_x;hyper_vitality;hyper_mana;freedom_x;frag_grenade;frag_grenade;frag_grenade;frag_grenade;;;;;;;;;;;;;;;;;;;;;;;;;;;;;;;;;;;;;;;;;;;;;;;;;;;;;;;;;;;;;;;;;;;;;;;;;;;;;;;;;;;;;;;;;;;;;;;;;;;;;;;;;;
fortune_sphere;hero_drink;hero_drink;hero_drink;hero_drink;hero_drink;miracle_drink;hero_drink;miracle_drink;hero_drink;miracle_drink;hero_drink;hero_drink;hero_drink;hero_drink;hero_drink;hero_drink;hero_drink;hero_drink;hero_drink;hero_drink;hero_drink;hero_drink;hero_drink;hero_drink;miracle_drink;miracle_drink;hero_drink;miracle_drink;miracle_drink;hero_drink;miracle_drink;miracle_drink;hero_drink;miracle_drink;miracle_drink;hero_drink;hero_drink;hero_drink;hero_drink;hero_drink;hero_drink;hero_drink;miracle_drink;miracle_drink;miracle_drink;hero_drink;miracle_drink;miracle_drink;miracle_drink;hero_drink;miracle_drink;miracle_drink;miracle_drink;sunburst;hero_drink;hero_drink;hero_drink;hero_drink;hero_drink;miracle_drink;hero_drink;hero_drink;hero_drink;hero_drink;miracle_drink;miracle_drink;miracle_drink;miracle_drink;miracle_drink;miracle_drink;hero_drink;hero_drink;hero_drink;hero_drink;miracle_drink;;;;;;;;;;;;;;;;;;;;;;;;;;;;;;;;;;;;;;;;;;;;;;;;;;;;;;;;;;;;;;;;;;;;;;;;;;;;;;;;;;;;;;;;;;;;;;;;;;;;;;;;;
attribute_sphere;super_elixir;final_elixir;final_elixir;final_elixir;mega_mana;mega_mana;final_phoenix;final_elixir;hot_spurs;eccentrick;super_elixir;super_elixir;super_elixir;super_elixir;super_elixir;super_elixir;super_elixir;super_elixir;super_elixir;super_elixir;super_elixir;super_elixir;super_elixir;snow_flurry;snow_flurry;icefall;heat_blaster;heat_blaster;brimstone;thunderbolt;thunderbolt;rolling_thunder;waterfall;waterfall;flash_flood;hazardous_shell;calamity_bomb;calamity_bomb;calamity_bomb;calamity_bomb;calamity_bomb;nega_burst;tallboy;tallboy;tallboy;calamity_bomb;calamity_bomb;calamity_bomb;calamity_bomb;calamity_bomb;chaos_grenade;chaos_grenade;miracle_drink;sunburst;super_mighty_g;super_mighty_g;super_mighty_g;super_mighty_g;super_mighty_g;super_elixir;super_elixir;super_elixir;super_elixir;super_elixir;mega_vitality;hyper_mana;freedom_x;hyper_vitality;hyper_mana;freedom_x;pineapple;pineapple;pineapple;pineapple;miracle_drink;potato_masher;;;;;;;;;;;;;;;;;;;;;;;;;;;;;;;;;;;;;;;;;;;;;;;;;;;;;;;;;;;;;;;;;;;;;;;;;;;;;;;;;;;;;;;;;;;;;;;;;;;;;;;;
special_sphere;super_elixir;final_elixir;final_elixir;final_elixir;mega_mana;mega_mana;final_phoenix;final_elixir;hot_spurs;eccentrick;super_elixir;super_elixir;super_elixir;super_elixir;super_elixir;super_elixir;super_elixir;super_elixir;super_elixir;super_elixir;super_elixir;super_elixir;super_elixir;snow_flurry;icefall;winter_storm;heat_blaster;brimstone;burning_soul;thunderbolt;rolling_thunder;lightning_bolt;waterfall;flash_flood;tidal_wave;hazardous_shell;calamity_bomb;calamity_bomb;calamity_bomb;calamity_bomb;calamity_bomb;nega_burst;tallboy;tallboy;tallboy;calamity_bomb;calamity_bomb;calamity_bomb;calamity_bomb;calamity_bomb;chaos_grenade;chaos_grenade;miracle_drink;sunburst;super_mighty_g;super_mighty_g;super_mighty_g;super_mighty_g;super_mighty_g;super_elixir;super_elixir;super_elixir;super_elixir;super_elixir;mega_vitality;hyper_mana;freedom_x;hyper_vitality;hyper_mana;freedom_x;pineapple;pineapple;pineapple;pineapple;miracle_drink;potato_masher;potato_masher;;;;;;;;;;;;;;;;;;;;;;;;;;;;;;;;;;;;;;;;;;;;;;;;;;;;;;;;;;;;;;;;;;;;;;;;;;;;;;;;;;;;;;;;;;;;;;;;;;;;;;;
skill_sphere;super_elixir;final_elixir;final_elixir;final_elixir;mega_mana;mega_mana;final_phoenix;final_elixir;hot_spurs;eccentrick;super_elixir;super_elixir;super_elixir;super_elixir;super_elixir;super_elixir;super_elixir;super_elixir;super_elixir;super_elixir;super_elixir;super_elixir;super_elixir;snow_flurry;icefall;winter_storm;heat_blaster;brimstone;burning_soul;thunderbolt;rolling_thunder;lightning_bolt;waterfall;flash_flood;tidal_wave;hazardous_shell;calamity_bomb;calamity_bomb;calamity_bomb;calamity_bomb;calamity_bomb;nega_burst;tallboy;tallboy;tallboy;calamity_bomb;calamity_bomb;calamity_bomb;calamity_bomb;calamity_bomb;chaos_grenade;chaos_grenade;miracle_drink;sunburst;super_mighty_g;super_mighty_g;super_mighty_g;super_mighty_g;super_mighty_g;super_elixir;super_elixir;super_elixir;super_elixir;super_elixir;mega_vitality;hyper_mana;freedom_x;hyper_vitality;hyper_mana;freedom_x;pineapple;pineapple;pineapple;pineapple;miracle_drink;potato_masher;potato_masher;potato_masher;;;;;;;;;;;;;;;;;;;;;;;;;;;;;;;;;;;;;;;;;;;;;;;;;;;;;;;;;;;;;;;;;;;;;;;;;;;;;;;;;;;;;;;;;;;;;;;;;;;;;;
wht_magic_sphere;super_elixir;final_elixir;final_elixir;final_elixir;mega_mana;mega_mana;final_phoenix;final_elixir;hot_spurs;eccentrick;super_elixir;super_elixir;super_elixir;super_elixir;super_elixir;super_elixir;super_elixir;super_elixir;super_elixir;super_elixir;super_elixir;super_elixir;super_elixir;snow_flurry;icefall;winter_storm;heat_blaster;brimstone;burning_soul;thunderbolt;rolling_thunder;lightning_bolt;waterfall;flash_flood;tidal_wave;hazardous_shell;calamity_bomb;calamity_bomb;calamity_bomb;calamity_bomb;calamity_bomb;nega_burst;tallboy;tallboy;tallboy;calamity_bomb;calamity_bomb;calamity_bomb;calamity_bomb;calamity_bomb;chaos_grenade;chaos_grenade;miracle_drink;sunburst;super_mighty_g;super_mighty_g;super_mighty_g;super_mighty_g;super_mighty_g;super_elixir;super_elixir;super_elixir;super_elixir;super_elixir;mega_vitality;hyper_mana;freedom_x;hyper_vitality;hyper_mana;freedom_x;pineapple;pineapple;pineapple;pineapple;miracle_drink;potato_masher;potato_masher;potato_masher;potato_masher;;;;;;;;;;;;;;;;;;;;;;;;;;;;;;;;;;;;;;;;;;;;;;;;;;;;;;;;;;;;;;;;;;;;;;;;;;;;;;;;;;;;;;;;;;;;;;;;;;;;;
blk_magic_sphere;super_elixir;final_elixir;final_elixir;final_elixir;mega_mana;mega_mana;final_phoenix;final_elixir;hot_spurs;eccentrick;super_elixir;super_elixir;super_elixir;super_elixir;super_elixir;super_elixir;super_elixir;super_elixir;super_elixir;super_elixir;super_elixir;super_elixir;super_elixir;snow_flurry;icefall;winter_storm;heat_blaster;brimstone;burning_soul;thunderbolt;rolling_thunder;lightning_bolt;waterfall;flash_flood;tidal_wave;hazardous_shell;calamity_bomb;calamity_bomb;calamity_bomb;calamity_bomb;calamity_bomb;nega_burst;tallboy;tallboy;tallboy;calamity_bomb;calamity_bomb;calamity_bomb;calamity_bomb;calamity_bomb;chaos_grenade;chaos_grenade;miracle_drink;sunburst;super_mighty_g;super_mighty_g;super_mighty_g;super_mighty_g;super_mighty_g;super_elixir;super_elixir;super_elixir;super_elixir;super_elixir;mega_vitality;hyper_mana;freedom_x;hyper_vitality;hyper_mana;freedom_x;pineapple;pineapple;pineapple;pineapple;miracle_drink;potato_masher;potato_masher;potato_masher;potato_masher;potato_masher;;;;;;;;;;;;;;;;;;;;;;;;;;;;;;;;;;;;;;;;;;;;;;;;;;;;;;;;;;;;;;;;;;;;;;;;;;;;;;;;;;;;;;;;;;;;;;;;;;;;
master_sphere;super_elixir;final_elixir;final_elixir;final_elixir;mega_mana;mega_mana;final_phoenix;final_elixir;hot_spurs;eccentrick;final_elixir;final_elixir;final_elixir;final_elixir;final_elixir;final_elixir;final_elixir;final_elixir;final_elixir;final_elixir;final_elixir;final_elixir;final_elixir;winter_storm;winter_storm;winter_storm;burning_soul;burning_soul;burning_soul;lightning_bolt;lightning_bolt;lightning_bolt;tidal_wave;tidal_wave;tidal_wave;calamity_bomb;chaos_grenade;chaos_grenade;chaos_grenade;chaos_grenade;chaos_grenade;black_hole;trio_of_9999;trio_of_9999;trio_of_9999;chaos_grenade;chaos_grenade;chaos_grenade;chaos_grenade;chaos_grenade;chaos_grenade;chaos_grenade;miracle_drink;sunburst;super_mighty_g;super_mighty_g;super_mighty_g;super_mighty_g;super_mighty_g;super_elixir;super_elixir;super_elixir;super_elixir;super_elixir;mega_vitality;hyper_mana;freedom_x;hyper_vitality;hyper_mana;freedom_x;cluster_bomb;cluster_bomb;cluster_bomb;cluster_bomb;miracle_drink;tallboy;tallboy;tallboy;tallboy;tallboy;tallboy;;;;;;;;;;;;;;;;;;;;;;;;;;;;;;;;;;;;;;;;;;;;;;;;;;;;;;;;;;;;;;;;;;;;;;;;;;;;;;;;;;;;;;;;;;;;;;;;;;;
lv.1_key_sphere;super_elixir;final_elixir;final_elixir;final_elixir;mega_mana;mega_mana;final_phoenix;final_elixir;hot_spurs;eccentrick;super_elixir;super_elixir;super_elixir;super_elixir;super_elixir;super_elixir;super_elixir;super_elixir;super_elixir;super_elixir;super_elixir;super_elixir;super_elixir;snow_flurry;icefall;winter_storm;heat_blaster;firestorm;burning_soul;thunderbolt;rolling_thunder;lightning_bolt;waterfall;flash_flood;tidal_wave;hazardous_shell;calamity_bomb;calamity_bomb;calamity_bomb;calamity_bomb;calamity_bomb;nega_burst;tallboy;tallboy;tallboy;calamity_bomb;calamity_bomb;calamity_bomb;calamity_bomb;calamity_bomb;chaos_grenade;chaos_grenade;miracle_drink;sunburst;super_mighty_g;super_mighty_g;super_mighty_g;super_mighty_g;super_mighty_g;super_elixir;super_elixir;super_elixir;super_elixir;super_elixir;mega_vitality;hyper_mana;freedom_x;hyper_vitality;hyper_mana;freedom_x;pineapple;pineapple;pineapple;pineapple;miracle_drink;potato_masher;potato_masher;potato_masher;potato_masher;potato_masher;potato_masher;potato_masher;;;;;;;;;;;;;;;;;;;;;;;;;;;;;;;;;;;;;;;;;;;;;;;;;;;;;;;;;;;;;;;;;;;;;;;;;;;;;;;;;;;;;;;;;;;;;;;;;;
lv.2_key_sphere;super_elixir;final_elixir;final_elixir;final_elixir;mega_mana;mega_mana;final_phoenix;final_elixir;hot_spurs;eccentrick;super_elixir;super_elixir;super_elixir;super_elixir;super_elixir;super_elixir;super_elixir;super_elixir;super_elixir;super_elixir;super_elixir;super_elixir;super_elixir;icefall;winter_storm;winter_storm;firestorm;burning_soul;burning_soul;rolling_thunder;lightning_bolt;lightning_bolt;flash_flood;tidal_wave;tidal_wave;hazardous_shell;calamity_bomb;calamity_bomb;calamity_bomb;calamity_bomb;calamity_bomb;nega_burst;tallboy;tallboy;tallboy;calamity_bomb;calamity_bomb;calamity_bomb;calamity_bomb;calamity_bomb;chaos_grenade;chaos_grenade;miracle_drink;sunburst;super_mighty_g;super_mighty_g;super_mighty_g;super_mighty_g;super_mighty_g;super_elixir;super_elixir;super_elixir;super_elixir;super_elixir;mega_vitality;hyper_mana;freedom_x;hyper_vitality;hyper_mana;freedom_x;potato_masher;potato_masher;potato_masher;potato_masher;miracle_drink;cluster_bomb;cluster_bomb;cluster_bomb;cluster_bomb;cluster_bomb;cluster_bomb;cluster_bomb;cluster_bomb;;;;;;;;;;;;;;;;;;;;;;;;;;;;;;;;;;;;;;;;;;;;;;;;;;;;;;;;;;;;;;;;;;;;;;;;;;;;;;;;;;;;;;;;;;;;;;;;;
lv.3_key_sphere;super_elixir;final_elixir;final_elixir;final_elixir;mega_mana;mega_mana;final_phoenix;final_elixir;hot_spurs;eccentrick;super_elixir;super_elixir;super_elixir;super_elixir;super_elixir;super_elixir;final_elixir;final_elixir;final_elixir;final_elixir;final_elixir;final_elixir;final_elixir;winter_storm;winter_storm;winter_storm;burning_soul;burning_soul;burning_soul;lightning_bolt;lightning_bolt;lightning_bolt;tidal_wave;tidal_wave;tidal_wave;calamity_bomb;chaos_grenade;chaos_grenade;chaos_grenade;chaos_grenade;chaos_grenade;nega_burst;tallboy;tallboy;hot_spurs;chaos_grenade;chaos_grenade;chaos_grenade;chaos_grenade;chaos_grenade;chaos_grenade;chaos_grenade;miracle_drink;sunburst;super_mighty_g;super_mighty_g;super_mighty_g;super_mighty_g;super_mighty_g;super_elixir;super_elixir;super_elixir;super_elixir;super_elixir;mega_vitality;hyper_mana;freedom_x;hyper_vitality;hyper_mana;freedom_x;cluster_bomb;cluster_bomb;cluster_bomb;cluster_bomb;miracle_drink;cluster_bomb;cluster_bomb;cluster_bomb;cluster_bomb;cluster_bomb;cluster_bomb;cluster_bomb;cluster_bomb;cluster_bomb;;;;;;;;;;;;;;;;;;;;;;;;;;;;;;;;;;;;;;;;;;;;;;;;;;;;;;;;;;;;;;;;;;;;;;;;;;;;;;;;;;;;;;;;;;;;;;;;
lv.4_key_sphere;super_elixir;final_elixir;final_elixir;final_elixir;mega_mana;mega_mana;final_phoenix;final_elixir;hot_spurs;eccentrick;super_elixir;super_elixir;super_elixir;super_elixir;super_elixir;super_elixir;final_elixir;final_elixir;final_elixir;final_elixir;final_elixir;final_elixir;final_elixir;winter_storm;winter_storm;winter_storm;burning_soul;burning_soul;burning_soul;lightning_bolt;lightning_bolt;lightning_bolt;tidal_wave;tidal_wave;tidal_wave;calamity_bomb;chaos_grenade;chaos_grenade;chaos_grenade;chaos_grenade;chaos_grenade;nega_burst;tallboy;hot_spurs;quartet_of_9;chaos_grenade;chaos_grenade;chaos_grenade;chaos_grenade;chaos_grenade;chaos_grenade;chaos_grenade;miracle_drink;sunburst;super_mighty_g;super_mighty_g;super_mighty_g;super_mighty_g;super_mighty_g;super_elixir;super_elixir;super_elixir;super_elixir;super_elixir;mega_vitality;hyper_mana;freedom_x;hyper_vitality;hyper_mana;freedom_x;cluster_bomb;cluster_bomb;cluster_bomb;cluster_bomb;miracle_drink;tallboy;tallboy;tallboy;tallboy;tallboy;tallboy;tallboy;tallboy;tallboy;tallboy;;;;;;;;;;;;;;;;;;;;;;;;;;;;;;;;;;;;;;;;;;;;;;;;;;;;;;;;;;;;;;;;;;;;;;;;;;;;;;;;;;;;;;;;;;;;;;;
hp_sphere;super_elixir;final_elixir;final_elixir;final_elixir;mega_mana;mega_mana;final_phoenix;final_elixir;hot_spurs;eccentrick;super_elixir;super_elixir;super_elixir;super_elixir;super_elixir;super_elixir;super_elixir;super_elixir;super_elixir;super_elixir;super_elixir;super_elixir;super_elixir;winter_storm;winter_storm;winter_storm;burning_soul;burning_soul;burning_soul;lightning_bolt;lightning_bolt;lightning_bolt;tidal_wave;tidal_wave;tidal_wave;chaos_grenade;chaos_grenade;chaos_grenade;chaos_grenade;chaos_grenade;chaos_grenade;nega_burst;tallboy;tallboy;tallboy;chaos_grenade;chaos_grenade;chaos_grenade;chaos_grenade;chaos_grenade;chaos_grenade;chaos_grenade;miracle_drink;sunburst;super_mighty_g;super_mighty_g;super_mighty_g;super_mighty_g;super_mighty_g;super_elixir;super_elixir;super_elixir;super_elixir;super_elixir;mega_vitality;hyper_mana;freedom_x;hyper_vitality;hyper_mana;freedom_x;cluster_bomb;cluster_bomb;cluster_bomb;cluster_bomb;miracle_drink;cluster_bomb;cluster_bomb;cluster_bomb;cluster_bomb;cluster_bomb;cluster_bomb;cluster_bomb;cluster_bomb;cluster_bomb;tallboy;cluster_bomb;;;;;;;;;;;;;;;;;;;;;;;;;;;;;;;;;;;;;;;;;;;;;;;;;;;;;;;;;;;;;;;;;;;;;;;;;;;;;;;;;;;;;;;;;;;;;;
mp_sphere;super_elixir;final_elixir;final_elixir;final_elixir;mega_mana;mega_mana;final_phoenix;final_elixir;hot_spurs;eccentrick;super_elixir;super_elixir;super_elixir;super_elixir;super_elixir;super_elixir;super_elixir;super_elixir;super_elixir;super_elixir;super_elixir;super_elixir;super_elixir;winter_storm;winter_storm;winter_storm;burning_soul;burning_soul;burning_soul;lightning_bolt;lightning_bolt;lightning_bolt;tidal_wave;tidal_wave;tidal_wave;chaos_grenade;chaos_grenade;chaos_grenade;chaos_grenade;chaos_grenade;chaos_grenade;nega_burst;tallboy;tallboy;tallboy;chaos_grenade;chaos_grenade;chaos_grenade;chaos_grenade;chaos_grenade;chaos_grenade;chaos_grenade;miracle_drink;sunburst;super_mighty_g;super_mighty_g;super_mighty_g;super_mighty_g;super_mighty_g;super_elixir;super_elixir;super_elixir;super_elixir;super_elixir;mega_vitality;hyper_mana;freedom_x;hyper_vitality;hyper_mana;freedom_x;cluster_bomb;cluster_bomb;cluster_bomb;cluster_bomb;miracle_drink;cluster_bomb;cluster_bomb;cluster_bomb;cluster_bomb;cluster_bomb;cluster_bomb;cluster_bomb;cluster_bomb;cluster_bomb;tallboy;cluster_bomb;cluster_bomb;;;;;;;;;;;;;;;;;;;;;;;;;;;;;;;;;;;;;;;;;;;;;;;;;;;;;;;;;;;;;;;;;;;;;;;;;;;;;;;;;;;;;;;;;;;;;
strength_sphere;super_elixir;final_elixir;final_elixir;final_elixir;mega_mana;mega_mana;final_phoenix;final_elixir;hot_spurs;eccentrick;super_elixir;super_elixir;super_elixir;super_elixir;super_elixir;super_elixir;super_elixir;super_elixir;super_elixir;super_elixir;super_elixir;super_elixir;super_elixir;winter_storm;winter_storm;winter_storm;burning_soul;burning_soul;burning_soul;lightning_bolt;lightning_bolt;lightning_bolt;tidal_wave;tidal_wave;tidal_wave;chaos_grenade;chaos_grenade;chaos_grenade;chaos_grenade;chaos_grenade;chaos_grenade;nega_burst;tallboy;tallboy;tallboy;chaos_grenade;chaos_grenade;chaos_grenade;chaos_grenade;chaos_grenade;chaos_grenade;chaos_grenade;miracle_drink;sunburst;super_mighty_g;super_mighty_g;super_mighty_g;super_mighty_g;super_mighty_g;super_elixir;super_elixir;super_elixir;super_elixir;super_elixir;mega_vitality;hyper_mana;freedom_x;hyper_vitality;hyper_mana;freedom_x;cluster_bomb;cluster_bomb;cluster_bomb;cluster_bomb;miracle_drink;cluster_bomb;cluster_bomb;cluster_bomb;cluster_bomb;cluster_bomb;cluster_bomb;cluster_bomb;cluster_bomb;cluster_bomb;tallboy;cluster_bomb;cluster_bomb;cluster_bomb;;;;;;;;;;;;;;;;;;;;;;;;;;;;;;;;;;;;;;;;;;;;;;;;;;;;;;;;;;;;;;;;;;;;;;;;;;;;;;;;;;;;;;;;;;;;
defence_sphere;super_elixir;final_elixir;final_elixir;final_elixir;mega_mana;mega_mana;final_phoenix;final_elixir;hot_spurs;eccentrick;super_elixir;super_elixir;super_elixir;super_elixir;super_elixir;super_elixir;super_elixir;super_elixir;super_elixir;super_elixir;super_elixir;super_elixir;super_elixir;winter_storm;winter_storm;winter_storm;burning_soul;burning_soul;burning_soul;lightning_bolt;lightning_bolt;lightning_bolt;tidal_wave;tidal_wave;tidal_wave;chaos_grenade;chaos_grenade;chaos_grenade;chaos_grenade;chaos_grenade;chaos_grenade;nega_burst;tallboy;tallboy;tallboy;chaos_grenade;chaos_grenade;chaos_grenade;chaos_grenade;chaos_grenade;chaos_grenade;chaos_grenade;miracle_drink;sunburst;super_mighty_g;super_mighty_g;super_mighty_g;super_mighty_g;super_mighty_g;super_elixir;super_elixir;super_elixir;super_elixir;super_elixir;mega_vitality;hyper_mana;freedom_x;hyper_vitality;hyper_mana;freedom_x;cluster_bomb;cluster_bomb;cluster_bomb;cluster_bomb;miracle_drink;cluster_bomb;cluster_bomb;cluster_bomb;cluster_bomb;cluster_bomb;cluster_bomb;cluster_bomb;cluster_bomb;cluster_bomb;tallboy;cluster_bomb;cluster_bomb;cluster_bomb;cluster_bomb;;;;;;;;;;;;;;;;;;;;;;;;;;;;;;;;;;;;;;;;;;;;;;;;;;;;;;;;;;;;;;;;;;;;;;;;;;;;;;;;;;;;;;;;;;;
magic_sphere;super_elixir;final_elixir;final_elixir;final_elixir;mega_mana;mega_mana;final_phoenix;final_elixir;hot_spurs;eccentrick;super_elixir;super_elixir;super_elixir;super_elixir;super_elixir;super_elixir;super_elixir;super_elixir;super_elixir;super_elixir;super_elixir;super_elixir;super_elixir;winter_storm;winter_storm;winter_storm;burning_soul;burning_soul;burning_soul;lightning_bolt;lightning_bolt;lightning_bolt;tidal_wave;tidal_wave;tidal_wave;chaos_grenade;chaos_grenade;chaos_grenade;chaos_grenade;chaos_grenade;chaos_grenade;nega_burst;tallboy;tallboy;tallboy;chaos_grenade;chaos_grenade;chaos_grenade;chaos_grenade;chaos_grenade;chaos_grenade;chaos_grenade;miracle_drink;sunburst;super_mighty_g;super_mighty_g;super_mighty_g;super_mighty_g;super_mighty_g;super_elixir;super_elixir;super_elixir;super_elixir;super_elixir;mega_vitality;hyper_mana;freedom_x;hyper_vitality;hyper_mana;freedom_x;cluster_bomb;cluster_bomb;cluster_bomb;cluster_bomb;miracle_drink;cluster_bomb;cluster_bomb;cluster_bomb;cluster_bomb;cluster_bomb;cluster_bomb;cluster_bomb;cluster_bomb;cluster_bomb;tallboy;cluster_bomb;cluster_bomb;cluster_bomb;cluster_bomb;cluster_bomb;;;;;;;;;;;;;;;;;;;;;;;;;;;;;;;;;;;;;;;;;;;;;;;;;;;;;;;;;;;;;;;;;;;;;;;;;;;;;;;;;;;;;;;;;;
magic_def_sphere;super_elixir;final_elixir;final_elixir;final_elixir;mega_mana;mega_mana;final_phoenix;final_elixir;hot_spurs;eccentrick;super_elixir;super_elixir;super_elixir;super_elixir;super_elixir;super_elixir;super_elixir;super_elixir;super_elixir;super_elixir;super_elixir;super_elixir;super_elixir;winter_storm;winter_storm;winter_storm;burning_soul;burning_soul;burning_soul;lightning_bolt;lightning_bolt;lightning_bolt;tidal_wave;tidal_wave;tidal_wave;chaos_grenade;chaos_grenade;chaos_grenade;chaos_grenade;chaos_grenade;chaos_grenade;nega_burst;tallboy;tallboy;tallboy;chaos_grenade;chaos_grenade;chaos_grenade;chaos_grenade;chaos_grenade;chaos_grenade;chaos_grenade;miracle_drink;sunburst;super_mighty_g;super_mighty_g;super_mighty_g;super_mighty_g;super_mighty_g;super_elixir;super_elixir;super_elixir;super_elixir;super_elixir;mega_vitality;hyper_mana;freedom_x;hyper_vitality;hyper_mana;freedom_x;cluster_bomb;cluster_bomb;cluster_bomb;cluster_bomb;miracle_drink;cluster_bomb;cluster_bomb;cluster_bomb;cluster_bomb;cluster_bomb;cluster_bomb;cluster_bomb;cluster_bomb;cluster_bomb;tallboy;cluster_bomb;cluster_bomb;cluster_bomb;cluster_bomb;cluster_bomb;cluster_bomb;;;;;;;;;;;;;;;;;;;;;;;;;;;;;;;;;;;;;;;;;;;;;;;;;;;;;;;;;;;;;;;;;;;;;;;;;;;;;;;;;;;;;;;;;
agility_sphere;super_elixir;final_elixir;final_elixir;final_elixir;mega_mana;mega_mana;final_phoenix;final_elixir;hot_spurs;eccentrick;super_elixir;super_elixir;super_elixir;super_elixir;super_elixir;super_elixir;super_elixir;super_elixir;super_elixir;super_elixir;super_elixir;super_elixir;super_elixir;winter_storm;winter_storm;winter_storm;burning_soul;burning_soul;burning_soul;lightning_bolt;lightning_bolt;lightning_bolt;tidal_wave;tidal_wave;tidal_wave;chaos_grenade;chaos_grenade;chaos_grenade;chaos_grenade;chaos_grenade;chaos_grenade;nega_burst;tallboy;tallboy;tallboy;chaos_grenade;chaos_grenade;chaos_grenade;chaos_grenade;chaos_grenade;chaos_grenade;chaos_grenade;miracle_drink;sunburst;super_mighty_g;super_mighty_g;super_mighty_g;super_mighty_g;super_mighty_g;super_elixir;super_elixir;super_elixir;super_elixir;super_elixir;mega_vitality;hyper_mana;freedom_x;hyper_vitality;hyper_mana;freedom_x;cluster_bomb;cluster_bomb;cluster_bomb;cluster_bomb;miracle_drink;cluster_bomb;cluster_bomb;cluster_bomb;cluster_bomb;cluster_bomb;cluster_bomb;cluster_bomb;cluster_bomb;cluster_bomb;tallboy;cluster_bomb;cluster_bomb;cluster_bomb;cluster_bomb;cluster_bomb;cluster_bomb;cluster_bomb;;;;;;;;;;;;;;;;;;;;;;;;;;;;;;;;;;;;;;;;;;;;;;;;;;;;;;;;;;;;;;;;;;;;;;;;;;;;;;;;;;;;;;;;
evasion_sphere;super_elixir;final_elixir;final_elixir;final_elixir;mega_mana;mega_mana;final_phoenix;final_elixir;hot_spurs;eccentrick;super_elixir;super_elixir;super_elixir;super_elixir;super_elixir;super_elixir;super_elixir;super_elixir;super_elixir;super_elixir;super_elixir;super_elixir;super_elixir;winter_storm;winter_storm;winter_storm;burning_soul;burning_soul;burning_soul;lightning_bolt;lightning_bolt;lightning_bolt;tidal_wave;tidal_wave;tidal_wave;chaos_grenade;chaos_grenade;chaos_grenade;chaos_grenade;chaos_grenade;chaos_grenade;nega_burst;tallboy;tallboy;tallboy;chaos_grenade;chaos_grenade;chaos_grenade;chaos_grenade;chaos_grenade;chaos_grenade;chaos_grenade;miracle_drink;sunburst;super_mighty_g;super_mighty_g;super_mighty_g;super_mighty_g;super_mighty_g;super_elixir;super_elixir;super_elixir;super_elixir;super_elixir;mega_vitality;hyper_mana;freedom_x;hyper_vitality;hyper_mana;freedom_x;cluster_bomb;cluster_bomb;cluster_bomb;cluster_bomb;miracle_drink;cluster_bomb;cluster_bomb;cluster_bomb;cluster_bomb;cluster_bomb;cluster_bomb;cluster_bomb;cluster_bomb;cluster_bomb;tallboy;cluster_bomb;cluster_bomb;cluster_bomb;cluster_bomb;cluster_bomb;cluster_bomb;cluster_bomb;cluster_bomb;;;;;;;;;;;;;;;;;;;;;;;;;;;;;;;;;;;;;;;;;;;;;;;;;;;;;;;;;;;;;;;;;;;;;;;;;;;;;;;;;;;;;;;
accuracy_sphere;super_elixir;final_elixir;final_elixir;final_elixir;mega_mana;mega_mana;final_phoenix;final_elixir;hot_spurs;eccentrick;super_elixir;super_elixir;super_elixir;super_elixir;super_elixir;super_elixir;super_elixir;super_elixir;super_elixir;super_elixir;super_elixir;super_elixir;super_elixir;winter_storm;winter_storm;winter_storm;burning_soul;burning_soul;burning_soul;lightning_bolt;lightning_bolt;lightning_bolt;tidal_wave;tidal_wave;tidal_wave;chaos_grenade;chaos_grenade;chaos_grenade;chaos_grenade;chaos_grenade;chaos_grenade;nega_burst;tallboy;tallboy;tallboy;chaos_grenade;chaos_grenade;chaos_grenade;chaos_grenade;chaos_grenade;chaos_grenade;chaos_grenade;miracle_drink;sunburst;super_mighty_g;super_mighty_g;super_mighty_g;super_mighty_g;super_mighty_g;super_elixir;super_elixir;super_elixir;super_elixir;super_elixir;mega_vitality;hyper_mana;freedom_x;hyper_vitality;hyper_mana;freedom_x;cluster_bomb;cluster_bomb;cluster_bomb;cluster_bomb;miracle_drink;cluster_bomb;cluster_bomb;cluster_bomb;cluster_bomb;cluster_bomb;cluster_bomb;cluster_bomb;cluster_bomb;cluster_bomb;tallboy;cluster_bomb;cluster_bomb;cluster_bomb;cluster_bomb;cluster_bomb;cluster_bomb;cluster_bomb;cluster_bomb;cluster_bomb;;;;;;;;;;;;;;;;;;;;;;;;;;;;;;;;;;;;;;;;;;;;;;;;;;;;;;;;;;;;;;;;;;;;;;;;;;;;;;;;;;;;;;
luck_sphere;hero_drink;hero_drink;hero_drink;hero_drink;miracle_drink;miracle_drink;hero_drink;miracle_drink;miracle_drink;miracle_drink;hero_drink;hero_drink;hero_drink;hero_drink;hero_drink;hero_drink;hero_drink;hero_drink;hero_drink;hero_drink;hero_drink;hero_drink;hero_drink;miracle_drink;miracle_drink;miracle_drink;miracle_drink;miracle_drink;miracle_drink;miracle_drink;miracle_drink;miracle_drink;miracle_drink;miracle_drink;miracle_drink;miracle_drink;miracle_drink;miracle_drink;miracle_drink;miracle_drink;miracle_drink;miracle_drink;miracle_drink;miracle_drink;miracle_drink;miracle_drink;miracle_drink;miracle_drink;miracle_drink;miracle_drink;miracle_drink;miracle_drink;miracle_drink;sunburst;miracle_drink;miracle_drink;miracle_drink;miracle_drink;miracle_drink;miracle_drink;miracle_drink;miracle_drink;miracle_drink;miracle_drink;miracle_drink;miracle_drink;miracle_drink;miracle_drink;miracle_drink;miracle_drink;hero_drink;hero_drink;hero_drink;hero_drink;miracle_drink;miracle_drink;miracle_drink;miracle_drink;miracle_drink;miracle_drink;miracle_drink;miracle_drink;miracle_drink;miracle_drink;miracle_drink;miracle_drink;miracle_drink;miracle_drink;miracle_drink;miracle_drink;miracle_drink;miracle_drink;miracle_drink;miracle_drink;miracle_drink;;;;;;;;;;;;;;;;;;;;;;;;;;;;;;;;;;;;;;;;;;;;;;;;;;;;;;;;;;;;;;;;;;;;;;;;;;;;;;;;;;;;;
clear_sphere;super_elixir;final_elixir;final_elixir;final_elixir;mega_mana;mega_mana;final_phoenix;final_elixir;hot_spurs;eccentrick;super_elixir;super_elixir;super_elixir;super_elixir;super_elixir;super_elixir;super_elixir;super_elixir;super_elixir;super_elixir;super_elixir;super_elixir;super_elixir;icefall;icefall;icefall;firestorm;firestorm;firestorm;rolling_thunder;rolling_thunder;rolling_thunder;flash_flood;flash_flood;flash_flood;hazardous_shell;calamity_bomb;calamity_bomb;calamity_bomb;calamity_bomb;calamity_bomb;nega_burst;tallboy;tallboy;tallboy;calamity_bomb;calamity_bomb;calamity_bomb;calamity_bomb;calamity_bomb;chaos_grenade;chaos_grenade;miracle_drink;sunburst;super_mighty_g;super_mighty_g;super_mighty_g;super_mighty_g;super_mighty_g;super_elixir;super_elixir;super_elixir;super_elixir;super_elixir;mega_vitality;hyper_mana;freedom_x;hyper_vitality;hyper_mana;freedom_x;potato_masher;potato_masher;potato_masher;potato_masher;miracle_drink;potato_masher;potato_masher;potato_masher;potato_masher;potato_masher;potato_masher;potato_masher;potato_masher;potato_masher;tallboy;potato_masher;potato_masher;potato_masher;potato_masher;potato_masher;potato_masher;potato_masher;potato_masher;potato_masher;miracle_drink;potato_masher;;;;;;;;;;;;;;;;;;;;;;;;;;;;;;;;;;;;;;;;;;;;;;;;;;;;;;;;;;;;;;;;;;;;;;;;;;;;;;;;;;;;
return_sphere;super_elixir;final_elixir;final_elixir;final_elixir;mega_mana;mega_mana;final_phoenix;final_elixir;hot_spurs;eccentrick;super_elixir;super_elixir;super_elixir;super_elixir;super_elixir;super_elixir;super_elixir;super_elixir;super_elixir;super_elixir;super_elixir;super_elixir;super_elixir;winter_storm;winter_storm;winter_storm;burning_soul;burning_soul;burning_soul;lightning_bolt;lightning_bolt;lightning_bolt;tidal_wave;tidal_wave;tidal_wave;chaos_grenade;chaos_grenade;chaos_grenade;chaos_grenade;chaos_grenade;chaos_grenade;nega_burst;tallboy;tallboy;tallboy;chaos_grenade;chaos_grenade;chaos_grenade;chaos_grenade;chaos_grenade;chaos_grenade;chaos_grenade;miracle_drink;sunburst;super_mighty_g;super_mighty_g;super_mighty_g;super_mighty_g;super_mighty_g;super_elixir;super_elixir;super_elixir;super_elixir;super_elixir;mega_vitality;hyper_mana;freedom_x;hyper_vitality;hyper_mana;freedom_x;cluster_bomb;cluster_bomb;cluster_bomb;cluster_bomb;miracle_drink;cluster_bomb;cluster_bomb;cluster_bomb;cluster_bomb;cluster_bomb;cluster_bomb;cluster_bomb;cluster_bomb;cluster_bomb;tallboy;cluster_bomb;cluster_bomb;cluster_bomb;cluster_bomb;cluster_bomb;cluster_bomb;cluster_bomb;cluster_bomb;cluster_bomb;miracle_drink;cluster_bomb;cluster_bomb;;;;;;;;;;;;;;;;;;;;;;;;;;;;;;;;;;;;;;;;;;;;;;;;;;;;;;;;;;;;;;;;;;;;;;;;;;;;;;;;;;;
friend_sphere;super_elixir;final_elixir;final_elixir;final_elixir;mega_mana;mega_mana;final_phoenix;final_elixir;hot_spurs;eccentrick;super_elixir;super_elixir;super_elixir;super_elixir;super_elixir;super_elixir;super_elixir;super_elixir;super_elixir;super_elixir;super_elixir;super_elixir;super_elixir;winter_storm;winter_storm;winter_storm;burning_soul;burning_soul;burning_soul;lightning_bolt;lightning_bolt;lightning_bolt;tidal_wave;tidal_wave;tidal_wave;chaos_grenade;chaos_grenade;chaos_grenade;chaos_grenade;chaos_grenade;chaos_grenade;nega_burst;tallboy;tallboy;hot_spurs;chaos_grenade;chaos_grenade;chaos_grenade;chaos_grenade;chaos_grenade;chaos_grenade;chaos_grenade;miracle_drink;sunburst;super_mighty_g;super_mighty_g;super_mighty_g;super_mighty_g;super_mighty_g;super_elixir;super_elixir;super_elixir;super_elixir;super_elixir;mega_vitality;hyper_mana;freedom_x;hyper_vitality;hyper_mana;freedom_x;cluster_bomb;cluster_bomb;cluster_bomb;cluster_bomb;miracle_drink;cluster_bomb;cluster_bomb;cluster_bomb;cluster_bomb;cluster_bomb;cluster_bomb;cluster_bomb;cluster_bomb;cluster_bomb;tallboy;cluster_bomb;cluster_bomb;cluster_bomb;cluster_bomb;cluster_bomb;cluster_bomb;cluster_bomb;cluster_bomb;cluster_bomb;miracle_drink;cluster_bomb;cluster_bomb;cluster_bomb;;;;;;;;;;;;;;;;;;;;;;;;;;;;;;;;;;;;;;;;;;;;;;;;;;;;;;;;;;;;;;;;;;;;;;;;;;;;;;;;;;
teleport_sphere;super_elixir;final_elixir;final_elixir;final_elixir;mega_mana;mega_mana;final_phoenix;final_elixir;hot_spurs;eccentrick;super_elixir;super_elixir;super_elixir;super_elixir;super_elixir;super_elixir;super_elixir;super_elixir;super_elixir;super_elixir;super_elixir;final_elixir;final_elixir;winter_storm;winter_storm;winter_storm;burning_soul;burning_soul;burning_soul;lightning_bolt;lightning_bolt;lightning_bolt;tidal_wave;tidal_wave;tidal_wave;chaos_grenade;chaos_grenade;chaos_grenade;chaos_grenade;chaos_grenade;chaos_grenade;nega_burst;tallboy;tallboy;hot_spurs;chaos_grenade;chaos_grenade;chaos_grenade;chaos_grenade;chaos_grenade;chaos_grenade;chaos_grenade;miracle_drink;sunburst;super_mighty_g;super_mighty_g;super_mighty_g;super_mighty_g;super_mighty_g;super_elixir;super_elixir;super_elixir;super_elixir;super_elixir;mega_vitality;hyper_mana;freedom_x;hyper_vitality;hyper_mana;freedom_x;cluster_bomb;cluster_bomb;cluster_bomb;cluster_bomb;miracle_drink;cluster_bomb;cluster_bomb;cluster_bomb;cluster_bomb;cluster_bomb;cluster_bomb;cluster_bomb;cluster_bomb;cluster_bomb;tallboy;cluster_bomb;cluster_bomb;cluster_bomb;cluster_bomb;cluster_bomb;cluster_bomb;cluster_bomb;cluster_bomb;cluster_bomb;miracle_drink;cluster_bomb;cluster_bomb;cluster_bomb;cluster_bomb;;;;;;;;;;;;;;;;;;;;;;;;;;;;;;;;;;;;;;;;;;;;;;;;;;;;;;;;;;;;;;;;;;;;;;;;;;;;;;;;;
warp_sphere;super_elixir;final_elixir;final_elixir;final_elixir;mega_mana;mega_mana;final_phoenix;final_elixir;hot_spurs;eccentrick;super_elixir;super_elixir;super_elixir;super_elixir;super_elixir;super_elixir;super_elixir;super_elixir;super_elixir;super_elixir;super_elixir;final_elixir;final_elixir;winter_storm;winter_storm;winter_storm;burning_soul;burning_soul;burning_soul;lightning_bolt;lightning_bolt;lightning_bolt;tidal_wave;tidal_wave;tidal_wave;chaos_grenade;chaos_grenade;chaos_grenade;chaos_grenade;chaos_grenade;chaos_grenade;black_hole;trio_of_9999;trio_of_9999;sunburst;chaos_grenade;chaos_grenade;chaos_grenade;chaos_grenade;chaos_grenade;chaos_grenade;chaos_grenade;miracle_drink;sunburst;super_mighty_g;super_mighty_g;super_mighty_g;super_mighty_g;super_mighty_g;super_elixir;super_elixir;super_elixir;super_elixir;super_elixir;mega_vitality;hyper_mana;freedom_x;hyper_vitality;hyper_mana;freedom_x;cluster_bomb;cluster_bomb;cluster_bomb;cluster_bomb;miracle_drink;tallboy;tallboy;tallboy;tallboy;tallboy;tallboy;tallboy;tallboy;tallboy;tallboy;cluster_bomb;cluster_bomb;cluster_bomb;cluster_bomb;cluster_bomb;cluster_bomb;cluster_bomb;cluster_bomb;cluster_bomb;miracle_drink;cluster_bomb;cluster_bomb;cluster_bomb;cluster_bomb;cluster_bomb;;;;;;;;;;;;;;;;;;;;;;;;;;;;;;;;;;;;;;;;;;;;;;;;;;;;;;;;;;;;;;;;;;;;;;;;;;;;;;;;
map;ultra_potion;ultra_potion;ultra_potion;ultra_potion;mega_mana;mega_mana;ultra_potion;megalixir;megalixir;super_elixir;megalixir;megalixir;megalixir;megalixir;megalixir;megalixir;pineapple;pineapple;pineapple;pineapple;megalixir;megalixir;megalixir;snow_flurry;snow_flurry;snow_flurry;heat_blaster;heat_blaster;heat_blaster;thunderbolt;thunderbolt;thunderbolt;waterfall;waterfall;waterfall;hazardous_shell;hazardous_shell;hazardous_shell;hazardous_shell;hazardous_shell;hazardous_shell;nega_burst;cluster_bomb;cluster_bomb;cluster_bomb;blaster_mine;blaster_mine;blaster_mine;blaster_mine;blaster_mine;hazardous_shell;hazardous_shell;miracle_drink;quartet_of_9;super_mighty_g;super_mighty_g;mega_nulall;mega_nulall;mega_nulall;super_elixir;megalixir;megalixir;megalixir;megalixir;mega_vitality;hyper_mana;freedom_x;hyper_vitality;hyper_mana;freedom_x;pineapple;pineapple;pineapple;pineapple;hero_drink;potato_masher;potato_masher;potato_masher;potato_masher;potato_masher;potato_masher;potato_masher;potato_masher;potato_masher;cluster_bomb;potato_masher;potato_masher;potato_masher;potato_masher;potato_masher;potato_masher;potato_masher;potato_masher;potato_masher;miracle_drink;potato_masher;potato_masher;potato_masher;potato_masher;potato_masher;potato_masher;;;;;;;;;;;;;;;;;;;;;;;;;;;;;;;;;;;;;;;;;;;;;;;;;;;;;;;;;;;;;;;;;;;;;;;;;;;;;;;
rename_card;ultra_potion;ultra_potion;ultra_potion;ultra_potion;mega_mana;mega_mana;ultra_potion;megalixir;megalixir;super_elixir;megalixir;megalixir;megalixir;megalixir;megalixir;megalixir;pineapple;pineapple;pineapple;pineapple;megalixir;megalixir;megalixir;snow_flurry;snow_flurry;snow_flurry;heat_blaster;heat_blaster;heat_blaster;thunderbolt;thunderbolt;thunderbolt;waterfall;waterfall;waterfall;hazardous_shell;hazardous_shell;hazardous_shell;hazardous_shell;hazardous_shell;hazardous_shell;nega_burst;cluster_bomb;cluster_bomb;cluster_bomb;blaster_mine;blaster_mine;blaster_mine;blaster_mine;blaster_mine;hazardous_shell;hazardous_shell;miracle_drink;quartet_of_9;super_mighty_g;super_mighty_g;mega_nulall;mega_nulall;mega_nulall;super_elixir;megalixir;megalixir;megalixir;megalixir;mega_vitality;hyper_mana;freedom_x;hyper_vitality;hyper_mana;freedom_x;pineapple;pineapple;pineapple;pineapple;hero_drink;potato_masher;potato_masher;potato_masher;potato_masher;potato_masher;potato_masher;potato_masher;potato_masher;potato_masher;cluster_bomb;potato_masher;potato_masher;potato_masher;potato_masher;potato_masher;potato_masher;potato_masher;potato_masher;potato_masher;miracle_drink;potato_masher;potato_masher;potato_masher;potato_masher;potato_masher;potato_masher;potato_masher;;;;;;;;;;;;;;;;;;;;;;;;;;;;;;;;;;;;;;;;;;;;;;;;;;;;;;;;;;;;;;;;;;;;;;;;;;;;;;
musk;panacea;megalixir;megalixir;megalixir;freedom_x;freedom_x;final_phoenix;final_phoenix;super_elixir;final_elixir;megalixir;megalixir;megalixir;megalixir;megalixir;megalixir;ultra_cure;ultra_cure;ultra_cure;ultra_cure;mighty_g;mighty_g;mighty_g;black_ice;black_ice;krysta;brimstone;brimstone;abaddon_flame;electroshock;electroshock;thunderblast;aqua_toxin;aqua_toxin;dark_rain;blaster_mine;hazardous_shell;hazardous_shell;hazardous_shell;hazardous_shell;hazardous_shell;nega_burst;tallboy;tallboy;tallboy;hazardous_shell;hazardous_shell;hazardous_shell;hazardous_shell;hazardous_shell;calamity_bomb;calamity_bomb;miracle_drink;quartet_of_9;super_mighty_g;super_mighty_g;mega_nulall;mega_nulall;mega_nulall;ultra_nulall;hyper_nulall;hyper_nulall;hyper_nulall;hyper_nulall;mega_vitality;hyper_mana;freedom_x;hyper_vitality;hyper_mana;freedom_x;blaster_mine;blaster_mine;blaster_mine;blaster_mine;hero_drink;calamity_bomb;calamity_bomb;calamity_bomb;calamity_bomb;calamity_bomb;chaos_grenade;calamity_bomb;calamity_bomb;chaos_grenade;chaos_grenade;chaos_grenade;chaos_grenade;chaos_grenade;chaos_grenade;chaos_grenade;chaos_grenade;chaos_grenade;chaos_grenade;chaos_grenade;miracle_drink;calamity_bomb;chaos_grenade;chaos_grenade;chaos_grenade;chaos_grenade;hazardous_shell;hazardous_shell;hyper_nulall;;;;;;;;;;;;;;;;;;;;;;;;;;;;;;;;;;;;;;;;;;;;;;;;;;;;;;;;;;;;;;;;;;;;;;;;;;;;;
hypello_potion;panacea;megalixir;megalixir;megalixir;mega_mana;mega_mana;final_phoenix;final_phoenix;super_elixir;final_elixir;megalixir;megalixir;megalixir;megalixir;megalixir;megalixir;ultra_cure;ultra_cure;ultra_cure;ultra_cure;mighty_g;mighty_g;mighty_g;black_ice;black_ice;krysta;brimstone;brimstone;abaddon_flame;electroshock;electroshock;thunderblast;aqua_toxin;aqua_toxin;dark_rain;blaster_mine;hazardous_shell;hazardous_shell;hazardous_shell;hazardous_shell;hazardous_shell;nega_burst;tallboy;tallboy;tallboy;hazardous_shell;hazardous_shell;hazardous_shell;hazardous_shell;hazardous_shell;calamity_bomb;calamity_bomb;miracle_drink;quartet_of_9;super_mighty_g;super_mighty_g;mega_nulall;mega_nulall;mega_nulall;ultra_nulall;hyper_nulall;hyper_nulall;hyper_nulall;hyper_nulall;mega_vitality;hyper_mana;freedom_x;hyper_vitality;hyper_mana;freedom_x;blaster_mine;blaster_mine;blaster_mine;blaster_mine;hero_drink;calamity_bomb;calamity_bomb;calamity_bomb;calamity_bomb;calamity_bomb;chaos_grenade;calamity_bomb;calamity_bomb;chaos_grenade;chaos_grenade;chaos_grenade;chaos_grenade;chaos_grenade;chaos_grenade;chaos_grenade;chaos_grenade;chaos_grenade;chaos_grenade;chaos_grenade;miracle_drink;calamity_bomb;chaos_grenade;chaos_grenade;chaos_grenade;chaos_grenade;hazardous_shell;hazardous_shell;hyper_nulall;hyper_nulall;;;;;;;;;;;;;;;;;;;;;;;;;;;;;;;;;;;;;;;;;;;;;;;;;;;;;;;;;;;;;;;;;;;;;;;;;;;;
shining_thorn;panacea;megalixir;megalixir;megalixir;mega_mana;mega_mana;final_phoenix;final_phoenix;super_elixir;final_elixir;megalixir;megalixir;megalixir;megalixir;megalixir;megalixir;ultra_cure;ultra_cure;ultra_cure;ultra_cure;mighty_g;mighty_g;mighty_g;black_ice;black_ice;krysta;brimstone;brimstone;abaddon_flame;electroshock;electroshock;thunderblast;aqua_toxin;aqua_toxin;dark_rain;blaster_mine;hazardous_shell;hazardous_shell;hazardous_shell;hazardous_shell;hazardous_shell;nega_burst;tallboy;tallboy;tallboy;hazardous_shell;hazardous_shell;hazardous_shell;hazardous_shell;hazardous_shell;calamity_bomb;calamity_bomb;miracle_drink;quartet_of_9;super_mighty_g;super_mighty_g;mega_nulall;mega_nulall;mega_nulall;ultra_nulall;hyper_nulall;hyper_nulall;hyper_nulall;hyper_nulall;mega_vitality;hyper_mana;freedom_x;hyper_vitality;hyper_mana;freedom_x;blaster_mine;blaster_mine;blaster_mine;blaster_mine;hero_drink;calamity_bomb;calamity_bomb;calamity_bomb;calamity_bomb;calamity_bomb;chaos_grenade;calamity_bomb;calamity_bomb;chaos_grenade;chaos_grenade;chaos_grenade;chaos_grenade;chaos_grenade;chaos_grenade;chaos_grenade;chaos_grenade;chaos_grenade;chaos_grenade;chaos_grenade;miracle_drink;calamity_bomb;chaos_grenade;chaos_grenade;chaos_grenade;chaos_grenade;hazardous_shell;hazardous_shell;hyper_nulall;hyper_nulall;hyper_nulall;;;;;;;;;;;;;;;;;;;;;;;;;;;;;;;;;;;;;;;;;;;;;;;;;;;;;;;;;;;;;;;;;;;;;;;;;;;
pendulum;super_elixir;final_elixir;final_elixir;final_elixir;freedom_x;freedom_x;final_phoenix;final_elixir;hot_spurs;eccentrick;super_elixir;super_elixir;super_elixir;super_elixir;super_elixir;super_elixir;super_elixir;super_elixir;super_elixir;super_elixir;super_elixir;final_elixir;final_elixir;winter_storm;quartet_of_9;quartet_of_9;burning_soul;quartet_of_9;quartet_of_9;lightning_bolt;quartet_of_9;quartet_of_9;tidal_wave;quartet_of_9;quartet_of_9;blaster_mine;blaster_mine;blaster_mine;blaster_mine;blaster_mine;blaster_mine;black_hole;trio_of_9999;trio_of_9999;trio_of_9999;chaos_grenade;chaos_grenade;chaos_grenade;chaos_grenade;chaos_grenade;chaos_grenade;chaos_grenade;miracle_drink;trio_of_9999;super_mighty_g;hyper_mighty_g;hyper_mighty_g;hyper_mighty_g;hyper_mighty_g;hyper_mighty_g;final_elixir;final_elixir;final_elixir;final_elixir;final_elixir;hyper_mana;freedom_x;hyper_vitality;hyper_mana;freedom_x;cluster_bomb;cluster_bomb;cluster_bomb;cluster_bomb;miracle_drink;tallboy;tallboy;tallboy;tallboy;tallboy;tallboy;quartet_of_9;quartet_of_9;trio_of_9999;trio_of_9999;quartet_of_9;quartet_of_9;quartet_of_9;quartet_of_9;quartet_of_9;quartet_of_9;quartet_of_9;quartet_of_9;quartet_of_9;miracle_drink;tallboy;tallboy;tallboy;tallboy;tallboy;cluster_bomb;cluster_bomb;chaos_grenade;chaos_grenade;chaos_grenade;chaos_grenade;;;;;;;;;;;;;;;;;;;;;;;;;;;;;;;;;;;;;;;;;;;;;;;;;;;;;;;;;;;;;;;;;;;;;;;;;;
amulet;super_elixir;final_elixir;final_elixir;final_elixir;freedom_x;freedom_x;final_phoenix;final_elixir;eccentrick;eccentrick;super_elixir;super_elixir;super_elixir;super_elixir;super_elixir;super_elixir;super_elixir;super_elixir;super_elixir;super_elixir;super_elixir;final_elixir;final_elixir;winter_storm;quartet_of_9;quartet_of_9;burning_soul;quartet_of_9;quartet_of_9;lightning_bolt;quartet_of_9;quartet_of_9;tidal_wave;quartet_of_9;quartet_of_9;tallboy;tallboy;tallboy;tallboy;tallboy;tallboy;black_hole;trio_of_9999;trio_of_9999;sunburst;chaos_grenade;chaos_grenade;chaos_grenade;chaos_grenade;chaos_grenade;chaos_grenade;chaos_grenade;miracle_drink;sunburst;super_mighty_g;hyper_mighty_g;hyper_mighty_g;hyper_mighty_g;hyper_mighty_g;hyper_mighty_g;final_elixir;final_elixir;final_elixir;final_elixir;final_elixir;eccentrick;eccentrick;eccentrick;eccentrick;eccentrick;cluster_bomb;cluster_bomb;cluster_bomb;cluster_bomb;miracle_drink;tallboy;tallboy;tallboy;tallboy;tallboy;tallboy;quartet_of_9;quartet_of_9;trio_of_9999;trio_of_9999;quartet_of_9;quartet_of_9;quartet_of_9;quartet_of_9;quartet_of_9;quartet_of_9;quartet_of_9;quartet_of_9;quartet_of_9;miracle_drink;tallboy;tallboy;tallboy;tallboy;tallboy;cluster_bomb;cluster_bomb;chaos_grenade;chaos_grenade;chaos_grenade;chaos_grenade;eccentrick;;;;;;;;;;;;;;;;;;;;;;;;;;;;;;;;;;;;;;;;;;;;;;;;;;;;;;;;;;;;;;;;;;;;;;;;;
door_to_tomorrow;super_elixir;final_elixir;final_elixir;final_elixir;freedom_x;freedom_x;final_phoenix;final_elixir;eccentrick;eccentrick;super_elixir;super_elixir;super_elixir;super_elixir;super_elixir;super_elixir;super_elixir;super_elixir;super_elixir;super_elixir;super_elixir;final_elixir;final_elixir;winter_storm;quartet_of_9;quartet_of_9;burning_soul;quartet_of_9;quartet_of_9;lightning_bolt;quartet_of_9;quartet_of_9;tidal_wave;quartet_of_9;quartet_of_9;tallboy;tallboy;tallboy;tallboy;tallboy;tallboy;black_hole;trio_of_9999;trio_of_9999;sunburst;chaos_grenade;chaos_grenade;chaos_grenade;chaos_grenade;chaos_grenade;chaos_grenade;chaos_grenade;miracle_drink;sunburst;super_mighty_g;hyper_mighty_g;hyper_mighty_g;hyper_mighty_g;hyper_mighty_g;hyper_mighty_g;final_elixir;final_elixir;final_elixir;final_elixir;final_elixir;eccentrick;eccentrick;eccentrick;eccentrick;eccentrick;cluster_bomb;cluster_bomb;cluster_bomb;cluster_bomb;miracle_drink;tallboy;tallboy;tallboy;tallboy;tallboy;tallboy;quartet_of_9;quartet_of_9;trio_of_9999;trio_of_9999;quartet_of_9;quartet_of_9;quartet_of_9;quartet_of_9;quartet_of_9;quartet_of_9;quartet_of_9;quartet_of_9;quartet_of_9;miracle_drink;tallboy;tallboy;tallboy;tallboy;tallboy;cluster_bomb;cluster_bomb;chaos_grenade;chaos_grenade;chaos_grenade;eccentrick;eccentrick;trio_of_9999;;;;;;;;;;;;;;;;;;;;;;;;;;;;;;;;;;;;;;;;;;;;;;;;;;;;;;;;;;;;;;;;;;;;;;;;
wings_to_discovery;super_elixir;final_elixir;final_elixir;final_elixir;freedom_x;freedom_x;final_phoenix;final_elixir;eccentrick;eccentrick;super_elixir;super_elixir;super_elixir;super_elixir;super_elixir;super_elixir;super_elixir;super_elixir;super_elixir;super_elixir;super_elixir;final_elixir;final_elixir;winter_storm;quartet_of_9;quartet_of_9;burning_soul;quartet_of_9;quartet_of_9;lightning_bolt;quartet_of_9;quartet_of_9;tidal_wave;quartet_of_9;quartet_of_9;tallboy;tallboy;tallboy;tallboy;tallboy;tallboy;black_hole;trio_of_9999;trio_of_9999;sunburst;chaos_grenade;chaos_grenade;chaos_grenade;chaos_grenade;chaos_grenade;chaos_grenade;chaos_grenade;miracle_drink;sunburst;super_mighty_g;hyper_mighty_g;hyper_mighty_g;hyper_mighty_g;hyper_mighty_g;hyper_mighty_g;final_elixir;final_elixir;final_elixir;final_elixir;final_elixir;eccentrick;eccentrick;eccentrick;eccentrick;eccentrick;cluster_bomb;cluster_bomb;cluster_bomb;cluster_bomb;miracle_drink;tallboy;tallboy;tallboy;tallboy;tallboy;tallboy;quartet_of_9;quartet_of_9;trio_of_9999;trio_of_9999;quartet_of_9;quartet_of_9;quartet_of_9;quartet_of_9;quartet_of_9;quartet_of_9;quartet_of_9;quartet_of_9;quartet_of_9;miracle_drink;tallboy;tallboy;tallboy;tallboy;tallboy;cluster_bomb;cluster_bomb;chaos_grenade;chaos_grenade;chaos_grenade;eccentrick;eccentrick;trio_of_9999;trio_of_9999;;;;;;;;;;;;;;;;;;;;;;;;;;;;;;;;;;;;;;;;;;;;;;;;;;;;;;;;;;;;;;;;;;;;;;;
gambler's_spirit;super_elixir;final_elixir;final_elixir;final_elixir;freedom_x;freedom_x;final_phoenix;final_elixir;eccentrick;eccentrick;super_elixir;super_elixir;super_elixir;super_elixir;super_elixir;super_elixir;super_elixir;super_elixir;super_elixir;super_elixir;super_elixir;final_elixir;final_elixir;winter_storm;quartet_of_9;quartet_of_9;burning_soul;quartet_of_9;quartet_of_9;lightning_bolt;quartet_of_9;quartet_of_9;tidal_wave;quartet_of_9;quartet_of_9;tallboy;tallboy;tallboy;tallboy;tallboy;tallboy;black_hole;trio_of_9999;trio_of_9999;sunburst;chaos_grenade;chaos_grenade;chaos_grenade;chaos_grenade;chaos_grenade;chaos_grenade;chaos_grenade;miracle_drink;sunburst;super_mighty_g;hyper_mighty_g;hyper_mighty_g;hyper_mighty_g;hyper_mighty_g;hyper_mighty_g;final_elixir;final_elixir;final_elixir;final_elixir;final_elixir;eccentrick;eccentrick;eccentrick;eccentrick;eccentrick;cluster_bomb;cluster_bomb;cluster_bomb;cluster_bomb;miracle_drink;tallboy;tallboy;tallboy;tallboy;tallboy;tallboy;quartet_of_9;quartet_of_9;trio_of_9999;trio_of_9999;quartet_of_9;quartet_of_9;quartet_of_9;quartet_of_9;quartet_of_9;quartet_of_9;quartet_of_9;quartet_of_9;quartet_of_9;miracle_drink;tallboy;tallboy;tallboy;tallboy;tallboy;cluster_bomb;cluster_bomb;chaos_grenade;chaos_grenade;chaos_grenade;eccentrick;eccentrick;trio_of_9999;sunburst;trio_of_9999;;;;;;;;;;;;;;;;;;;;;;;;;;;;;;;;;;;;;;;;;;;;;;;;;;;;;;;;;;;;;;;;;;;;;;
underdog's_secret;super_elixir;final_elixir;final_elixir;final_elixir;freedom_x;freedom_x;final_phoenix;final_elixir;eccentrick;eccentrick;super_elixir;super_elixir;super_elixir;super_elixir;super_elixir;super_elixir;super_elixir;super_elixir;super_elixir;super_elixir;super_elixir;final_elixir;final_elixir;winter_storm;quartet_of_9;quartet_of_9;burning_soul;quartet_of_9;quartet_of_9;lightning_bolt;quartet_of_9;quartet_of_9;tidal_wave;quartet_of_9;quartet_of_9;tallboy;tallboy;tallboy;tallboy;tallboy;tallboy;black_hole;trio_of_9999;trio_of_9999;sunburst;chaos_grenade;chaos_grenade;chaos_grenade;chaos_grenade;chaos_grenade;chaos_grenade;chaos_grenade;miracle_drink;sunburst;super_mighty_g;hyper_mighty_g;hyper_mighty_g;hyper_mighty_g;hyper_mighty_g;hyper_mighty_g;final_elixir;final_elixir;final_elixir;final_elixir;final_elixir;eccentrick;eccentrick;eccentrick;eccentrick;eccentrick;cluster_bomb;cluster_bomb;cluster_bomb;cluster_bomb;miracle_drink;tallboy;tallboy;tallboy;tallboy;tallboy;tallboy;quartet_of_9;quartet_of_9;trio_of_9999;trio_of_9999;quartet_of_9;quartet_of_9;quartet_of_9;quartet_of_9;quartet_of_9;quartet_of_9;quartet_of_9;quartet_of_9;quartet_of_9;miracle_drink;tallboy;tallboy;tallboy;tallboy;tallboy;cluster_bomb;cluster_bomb;chaos_grenade;chaos_grenade;chaos_grenade;eccentrick;eccentrick;trio_of_9999;sunburst;sunburst;sunburst;;;;;;;;;;;;;;;;;;;;;;;;;;;;;;;;;;;;;;;;;;;;;;;;;;;;;;;;;;;;;;;;;;;;;
winning_formula;super_elixir;final_elixir;final_elixir;final_elixir;freedom_x;freedom_x;final_phoenix;final_elixir;eccentrick;eccentrick;super_elixir;super_elixir;super_elixir;super_elixir;super_elixir;super_elixir;super_elixir;super_elixir;super_elixir;super_elixir;super_elixir;final_elixir;final_elixir;winter_storm;quartet_of_9;quartet_of_9;burning_soul;quartet_of_9;quartet_of_9;lightning_bolt;quartet_of_9;quartet_of_9;tidal_wave;quartet_of_9;quartet_of_9;tallboy;tallboy;tallboy;tallboy;tallboy;tallboy;black_hole;trio_of_9999;trio_of_9999;sunburst;chaos_grenade;chaos_grenade;chaos_grenade;chaos_grenade;chaos_grenade;chaos_grenade;chaos_grenade;miracle_drink;sunburst;super_mighty_g;hyper_mighty_g;hyper_mighty_g;hyper_mighty_g;hyper_mighty_g;hyper_mighty_g;final_elixir;final_elixir;final_elixir;final_elixir;final_elixir;eccentrick;eccentrick;eccentrick;eccentrick;eccentrick;cluster_bomb;cluster_bomb;cluster_bomb;cluster_bomb;miracle_drink;tallboy;tallboy;tallboy;tallboy;tallboy;tallboy;quartet_of_9;quartet_of_9;trio_of_9999;trio_of_9999;quartet_of_9;quartet_of_9;quartet_of_9;quartet_of_9;quartet_of_9;quartet_of_9;quartet_of_9;quartet_of_9;quartet_of_9;miracle_drink;tallboy;tallboy;tallboy;tallboy;tallboy;cluster_bomb;cluster_bomb;chaos_grenade;chaos_grenade;chaos_grenade;eccentrick;eccentrick;trio_of_9999;sunburst;sunburst;sunburst;sunburst;;;;;;;;;;;;;;;;;;;;;;;;;;;;;;;;;;;;;;;;;;;;;;;;;;;;;;;;;;;;;;;;;;;;
;potion;hi-potion;x-potion;mega-potion;ether;turbo_ether;phoenix_down;mega_phoenix;elixir;megalixir;antidote;soft;eye_drops;echo_screen;holy_water;remedy;power_distiller;mana_distiller;speed_distiller;ability_distiller;al_bhed_potion;healing_water;tetra_elemental;antarctic_wind;arctic_wind;ice_gem;bomb_fragment;bomb_core;fire_gem;electro_marble;lightning_marble;lightning_gem;fish_scale;dragon_scale;water_gem;grenade;frag_grenade;sleeping_powder;dream_powder;silence_grenade;smoke_bomb;shadow_gem;shining_gem;blessed_gem;supreme_gem;poison_fang;silver_hourglass;gold_hourglass;candle_of_life;petrify_grenade;farplane_shadow;farplane_wind;designer_wallet;dark_matter;chocobo_wing;chocobo_feather;lunar_curtain;light_curtain;star_curtain;healing_spring;mana_spring;stamina_spring;soul_spring;purifying_salt;stamina_tablet;mana_tablet;twin_stars;stamina_tonic;mana_tonic;three_stars;power_sphere;mana_sphere;speed_sphere;ability_sphere;fortune_sphere;attribute_sphere;special_sphere;skill_sphere;wht_magic_sphere;blk_magic_sphere;master_sphere;lv.1_key_sphere;lv.2_key_sphere;lv.3_key_sphere;lv.4_key_sphere;hp_sphere;mp_sphere;strength_sphere;defence_sphere;magic_sphere;magic_def_sphere;agility_sphere;evasion_sphere;accuracy_sphere;luck_sphere;clear_sphere;return_sphere;friend_sphere;teleport_sphere;warp_sphere;map;rename_card;musk;hypello_potion;shining_thorn;pendulum;amulet;door_to_tomorrow;wings_to_discovery;gambler's_spirit;underdog's_secret;winning_formula;;;;;;;;;;;;;;;;;;;;;;;;;;;;;;;;;;;;;;;;;;;;;;;;;;;;;;;;;;;;;;;;;;;;
